filename,track,measure_st,measure_end,set
bwv372.npy,0,0,16,train
bwv372.npy,0,1,17,train
bwv372.npy,0,2,18,train
bwv372.npy,0,3,19,train
bwv372.npy,1,0,16,train
bwv372.npy,1,1,17,train
bwv372.npy,1,2,18,train
bwv372.npy,1,3,19,train
bwv372.npy,2,0,16,train
bwv372.npy,2,1,17,train
bwv372.npy,2,2,18,train
bwv372.npy,2,3,19,train
bwv372.npy,3,0,16,train
bwv372.npy,3,1,17,train
bwv372.npy,3,2,18,train
bwv372.npy,3,3,19,train
bwv251.npy,0,0,16,val
bwv251.npy,1,0,16,val
bwv251.npy,2,0,16,val
bwv251.npy,3,0,16,val
bwv251.npy,4,0,16,val
bwv251.npy,5,0,16,val
bwv64.npy,0,0,16,train
bwv64.npy,0,1,17,train
bwv64.npy,0,2,18,train
bwv64.npy,1,0,16,train
bwv64.npy,1,1,17,train
bwv64.npy,1,2,18,train
bwv64.npy,2,0,16,train
bwv64.npy,2,1,17,train
bwv64.npy,2,2,18,train
bwv64.npy,3,0,16,train
bwv64.npy,3,1,17,train
bwv64.npy,3,2,18,train
bwv371.npy,0,0,16,train
bwv371.npy,0,1,17,train
bwv371.npy,0,2,18,train
bwv371.npy,0,3,19,train
bwv371.npy,0,4,20,train
bwv371.npy,0,5,21,train
bwv371.npy,0,6,22,train
bwv371.npy,0,7,23,train
bwv371.npy,0,8,24,train
bwv371.npy,0,9,25,train
bwv371.npy,0,10,26,train
bwv371.npy,0,11,27,train
bwv371.npy,0,12,28,train
bwv371.npy,0,13,29,train
bwv371.npy,0,14,30,train
bwv371.npy,0,15,31,train
bwv371.npy,0,16,32,train
bwv371.npy,0,17,33,train
bwv371.npy,0,18,34,train
bwv371.npy,0,19,35,train
bwv371.npy,0,20,36,train
bwv371.npy,0,21,37,train
bwv371.npy,0,22,38,train
bwv371.npy,0,23,39,train
bwv371.npy,0,24,40,train
bwv371.npy,0,25,41,train
bwv371.npy,1,0,16,train
bwv371.npy,1,1,17,train
bwv371.npy,1,2,18,train
bwv371.npy,1,3,19,train
bwv371.npy,1,4,20,train
bwv371.npy,1,5,21,train
bwv371.npy,1,6,22,train
bwv371.npy,1,7,23,train
bwv371.npy,1,8,24,train
bwv371.npy,1,9,25,train
bwv371.npy,1,10,26,train
bwv371.npy,1,11,27,train
bwv371.npy,1,12,28,train
bwv371.npy,1,13,29,train
bwv371.npy,1,14,30,train
bwv371.npy,1,15,31,train
bwv371.npy,1,16,32,train
bwv371.npy,1,17,33,train
bwv371.npy,1,18,34,train
bwv371.npy,1,19,35,train
bwv371.npy,1,20,36,train
bwv371.npy,1,21,37,train
bwv371.npy,1,22,38,train
bwv371.npy,1,23,39,train
bwv371.npy,1,24,40,train
bwv371.npy,1,25,41,train
bwv371.npy,2,0,16,train
bwv371.npy,2,1,17,train
bwv371.npy,2,2,18,train
bwv371.npy,2,3,19,train
bwv371.npy,2,4,20,train
bwv371.npy,2,5,21,train
bwv371.npy,2,6,22,train
bwv371.npy,2,7,23,train
bwv371.npy,2,8,24,train
bwv371.npy,2,9,25,train
bwv371.npy,2,10,26,train
bwv371.npy,2,11,27,train
bwv371.npy,2,12,28,train
bwv371.npy,2,13,29,train
bwv371.npy,2,14,30,train
bwv371.npy,2,15,31,train
bwv371.npy,2,16,32,train
bwv371.npy,2,17,33,train
bwv371.npy,2,18,34,train
bwv371.npy,2,19,35,train
bwv371.npy,2,20,36,train
bwv371.npy,2,21,37,train
bwv371.npy,2,22,38,train
bwv371.npy,2,23,39,train
bwv371.npy,2,24,40,train
bwv371.npy,2,25,41,train
bwv371.npy,3,0,16,train
bwv371.npy,3,1,17,train
bwv371.npy,3,2,18,train
bwv371.npy,3,3,19,train
bwv371.npy,3,4,20,train
bwv371.npy,3,5,21,train
bwv371.npy,3,6,22,train
bwv371.npy,3,7,23,train
bwv371.npy,3,8,24,train
bwv371.npy,3,9,25,train
bwv371.npy,3,10,26,train
bwv371.npy,3,11,27,train
bwv371.npy,3,12,28,train
bwv371.npy,3,13,29,train
bwv371.npy,3,14,30,train
bwv371.npy,3,15,31,train
bwv371.npy,3,16,32,train
bwv371.npy,3,17,33,train
bwv371.npy,3,18,34,train
bwv371.npy,3,19,35,train
bwv371.npy,3,20,36,train
bwv371.npy,3,21,37,train
bwv371.npy,3,22,38,train
bwv371.npy,3,23,39,train
bwv371.npy,3,24,40,train
bwv371.npy,3,25,41,train
bwv104.npy,0,0,16,train
bwv104.npy,1,0,16,train
bwv104.npy,2,0,16,train
bwv104.npy,3,0,16,train
bwv33.npy,0,0,16,train
bwv33.npy,0,1,17,train
bwv33.npy,0,2,18,train
bwv33.npy,0,3,19,train
bwv33.npy,0,4,20,train
bwv33.npy,0,5,21,train
bwv33.npy,0,6,22,train
bwv33.npy,0,7,23,train
bwv33.npy,0,8,24,train
bwv33.npy,0,9,25,train
bwv33.npy,0,10,26,train
bwv33.npy,1,0,16,train
bwv33.npy,1,1,17,train
bwv33.npy,1,2,18,train
bwv33.npy,1,3,19,train
bwv33.npy,1,4,20,train
bwv33.npy,1,5,21,train
bwv33.npy,1,6,22,train
bwv33.npy,1,7,23,train
bwv33.npy,1,8,24,train
bwv33.npy,1,9,25,train
bwv33.npy,1,10,26,train
bwv33.npy,2,0,16,train
bwv33.npy,2,1,17,train
bwv33.npy,2,2,18,train
bwv33.npy,2,3,19,train
bwv33.npy,2,4,20,train
bwv33.npy,2,5,21,train
bwv33.npy,2,6,22,train
bwv33.npy,2,7,23,train
bwv33.npy,2,8,24,train
bwv33.npy,2,9,25,train
bwv33.npy,2,10,26,train
bwv33.npy,3,0,16,train
bwv33.npy,3,1,17,train
bwv33.npy,3,2,18,train
bwv33.npy,3,3,19,train
bwv33.npy,3,4,20,train
bwv33.npy,3,5,21,train
bwv33.npy,3,6,22,train
bwv33.npy,3,7,23,train
bwv33.npy,3,8,24,train
bwv33.npy,3,9,25,train
bwv33.npy,3,10,26,train
bwv312.npy,0,0,16,test
bwv312.npy,0,1,17,test
bwv312.npy,0,2,18,test
bwv312.npy,0,3,19,test
bwv312.npy,0,4,20,test
bwv312.npy,0,5,21,test
bwv312.npy,0,6,22,test
bwv312.npy,0,7,23,test
bwv312.npy,0,8,24,test
bwv312.npy,1,0,16,test
bwv312.npy,1,1,17,test
bwv312.npy,1,2,18,test
bwv312.npy,1,3,19,test
bwv312.npy,1,4,20,test
bwv312.npy,1,5,21,test
bwv312.npy,1,6,22,test
bwv312.npy,1,7,23,test
bwv312.npy,1,8,24,test
bwv312.npy,1,9,25,test
bwv312.npy,2,0,16,test
bwv312.npy,2,1,17,test
bwv312.npy,2,2,18,test
bwv312.npy,2,3,19,test
bwv312.npy,2,4,20,test
bwv312.npy,2,5,21,test
bwv312.npy,2,6,22,test
bwv312.npy,2,7,23,test
bwv312.npy,2,8,24,test
bwv312.npy,2,9,25,test
bwv312.npy,3,0,16,test
bwv312.npy,3,1,17,test
bwv312.npy,3,2,18,test
bwv312.npy,3,3,19,test
bwv312.npy,3,4,20,test
bwv312.npy,3,5,21,test
bwv312.npy,3,6,22,test
bwv312.npy,3,7,23,test
bwv312.npy,3,8,24,test
bwv312.npy,3,9,25,test
bwv277.npy,0,0,16,test
bwv277.npy,1,0,16,test
bwv277.npy,2,0,16,test
bwv277.npy,3,0,16,test
bwv73.npy,0,0,16,test
bwv73.npy,0,1,17,test
bwv73.npy,0,2,18,test
bwv73.npy,0,3,19,test
bwv73.npy,1,0,16,test
bwv73.npy,1,1,17,test
bwv73.npy,1,2,18,test
bwv73.npy,1,3,19,test
bwv73.npy,2,0,16,test
bwv73.npy,2,1,17,test
bwv73.npy,2,2,18,test
bwv73.npy,2,3,19,test
bwv73.npy,3,0,16,test
bwv73.npy,3,1,17,test
bwv73.npy,3,2,18,test
bwv73.npy,3,3,19,test
bwv155.npy,0,0,16,train
bwv155.npy,1,0,16,train
bwv155.npy,2,0,16,train
bwv155.npy,3,0,16,train
bwv402.npy,0,0,16,train
bwv402.npy,0,1,17,train
bwv402.npy,0,2,18,train
bwv402.npy,0,3,19,train
bwv402.npy,0,4,20,train
bwv402.npy,0,5,21,train
bwv402.npy,0,6,22,train
bwv402.npy,0,7,23,train
bwv402.npy,0,8,24,train
bwv402.npy,0,9,25,train
bwv402.npy,0,10,26,train
bwv402.npy,0,11,27,train
bwv402.npy,0,12,28,train
bwv402.npy,0,13,29,train
bwv402.npy,1,0,16,train
bwv402.npy,1,1,17,train
bwv402.npy,1,2,18,train
bwv402.npy,1,3,19,train
bwv402.npy,1,4,20,train
bwv402.npy,1,5,21,train
bwv402.npy,1,6,22,train
bwv402.npy,1,7,23,train
bwv402.npy,1,8,24,train
bwv402.npy,1,9,25,train
bwv402.npy,1,10,26,train
bwv402.npy,1,11,27,train
bwv402.npy,1,12,28,train
bwv402.npy,1,13,29,train
bwv402.npy,2,0,16,train
bwv402.npy,2,1,17,train
bwv402.npy,2,2,18,train
bwv402.npy,2,3,19,train
bwv402.npy,2,4,20,train
bwv402.npy,2,5,21,train
bwv402.npy,2,6,22,train
bwv402.npy,2,7,23,train
bwv402.npy,2,8,24,train
bwv402.npy,2,9,25,train
bwv402.npy,2,10,26,train
bwv402.npy,2,11,27,train
bwv402.npy,2,12,28,train
bwv402.npy,2,13,29,train
bwv402.npy,3,0,16,train
bwv402.npy,3,1,17,train
bwv402.npy,3,2,18,train
bwv402.npy,3,3,19,train
bwv402.npy,3,4,20,train
bwv402.npy,3,5,21,train
bwv402.npy,3,6,22,train
bwv402.npy,3,7,23,train
bwv402.npy,3,8,24,train
bwv402.npy,3,9,25,train
bwv402.npy,3,10,26,train
bwv402.npy,3,11,27,train
bwv402.npy,3,12,28,train
bwv402.npy,3,13,29,train
bwv315.npy,0,0,16,train
bwv315.npy,0,1,17,train
bwv315.npy,0,2,18,train
bwv315.npy,0,3,19,train
bwv315.npy,1,0,16,train
bwv315.npy,1,1,17,train
bwv315.npy,1,2,18,train
bwv315.npy,1,3,19,train
bwv315.npy,2,0,16,train
bwv315.npy,2,1,17,train
bwv315.npy,2,2,18,train
bwv315.npy,2,3,19,train
bwv315.npy,3,0,16,train
bwv315.npy,3,1,17,train
bwv315.npy,3,2,18,train
bwv315.npy,3,3,19,train
bwv388.npy,0,0,16,train
bwv388.npy,0,1,17,train
bwv388.npy,1,0,16,train
bwv388.npy,1,1,17,train
bwv388.npy,2,0,16,train
bwv388.npy,2,1,17,train
bwv388.npy,3,0,16,train
bwv388.npy,3,1,17,train
bwv94.npy,0,0,16,train
bwv94.npy,0,1,17,train
bwv94.npy,0,2,18,train
bwv94.npy,1,0,16,train
bwv94.npy,1,1,17,train
bwv94.npy,1,2,18,train
bwv94.npy,2,0,16,train
bwv94.npy,2,1,17,train
bwv94.npy,2,2,18,train
bwv94.npy,3,0,16,train
bwv94.npy,3,1,17,train
bwv94.npy,3,2,18,train
bwv2.npy,0,0,16,train
bwv2.npy,0,1,17,train
bwv2.npy,1,0,16,train
bwv2.npy,1,1,17,train
bwv2.npy,2,0,16,train
bwv2.npy,2,1,17,train
bwv2.npy,3,0,16,train
bwv2.npy,3,1,17,train
bwv86.npy,0,0,16,train
bwv86.npy,0,1,17,train
bwv86.npy,1,0,16,train
bwv86.npy,1,1,17,train
bwv86.npy,2,0,16,train
bwv86.npy,2,1,17,train
bwv86.npy,3,0,16,train
bwv86.npy,3,1,17,train
bwv340.npy,0,0,16,train
bwv340.npy,0,1,17,train
bwv340.npy,0,2,18,train
bwv340.npy,0,3,19,train
bwv340.npy,0,4,20,train
bwv340.npy,0,5,21,train
bwv340.npy,0,6,22,train
bwv340.npy,0,7,23,train
bwv340.npy,0,8,24,train
bwv340.npy,0,9,25,train
bwv340.npy,0,10,26,train
bwv340.npy,0,11,27,train
bwv340.npy,0,12,28,train
bwv340.npy,0,13,29,train
bwv340.npy,1,0,16,train
bwv340.npy,1,1,17,train
bwv340.npy,1,2,18,train
bwv340.npy,1,3,19,train
bwv340.npy,1,4,20,train
bwv340.npy,1,5,21,train
bwv340.npy,1,6,22,train
bwv340.npy,1,7,23,train
bwv340.npy,1,8,24,train
bwv340.npy,1,9,25,train
bwv340.npy,1,10,26,train
bwv340.npy,1,11,27,train
bwv340.npy,1,12,28,train
bwv340.npy,1,13,29,train
bwv340.npy,2,0,16,train
bwv340.npy,2,1,17,train
bwv340.npy,2,2,18,train
bwv340.npy,2,3,19,train
bwv340.npy,2,4,20,train
bwv340.npy,2,5,21,train
bwv340.npy,2,6,22,train
bwv340.npy,2,7,23,train
bwv340.npy,2,8,24,train
bwv340.npy,2,9,25,train
bwv340.npy,2,10,26,train
bwv340.npy,2,11,27,train
bwv340.npy,2,12,28,train
bwv340.npy,2,13,29,train
bwv340.npy,3,0,16,train
bwv340.npy,3,1,17,train
bwv340.npy,3,2,18,train
bwv340.npy,3,3,19,train
bwv340.npy,3,4,20,train
bwv340.npy,3,5,21,train
bwv340.npy,3,6,22,train
bwv340.npy,3,7,23,train
bwv340.npy,3,8,24,train
bwv340.npy,3,9,25,train
bwv340.npy,3,10,26,train
bwv340.npy,3,11,27,train
bwv340.npy,3,12,28,train
bwv340.npy,3,13,29,train
bwv328.npy,0,0,16,train
bwv328.npy,0,1,17,train
bwv328.npy,0,2,18,train
bwv328.npy,0,3,19,train
bwv328.npy,0,4,20,train
bwv328.npy,0,5,21,train
bwv328.npy,0,6,22,train
bwv328.npy,0,7,23,train
bwv328.npy,0,8,24,train
bwv328.npy,0,9,25,train
bwv328.npy,0,10,26,train
bwv328.npy,0,11,27,train
bwv328.npy,0,12,28,train
bwv328.npy,0,13,29,train
bwv328.npy,0,14,30,train
bwv328.npy,0,15,31,train
bwv328.npy,0,16,32,train
bwv328.npy,0,17,33,train
bwv328.npy,0,18,34,train
bwv328.npy,0,19,35,train
bwv328.npy,0,20,36,train
bwv328.npy,0,21,37,train
bwv328.npy,0,22,38,train
bwv328.npy,0,23,39,train
bwv328.npy,0,24,40,train
bwv328.npy,0,25,41,train
bwv328.npy,0,26,42,train
bwv328.npy,0,27,43,train
bwv328.npy,0,28,44,train
bwv328.npy,0,29,45,train
bwv328.npy,0,30,46,train
bwv328.npy,0,31,47,train
bwv328.npy,0,32,48,train
bwv328.npy,0,33,49,train
bwv328.npy,0,34,50,train
bwv328.npy,0,35,51,train
bwv328.npy,0,36,52,train
bwv328.npy,0,37,53,train
bwv328.npy,0,38,54,train
bwv328.npy,0,39,55,train
bwv328.npy,0,40,56,train
bwv328.npy,0,41,57,train
bwv328.npy,0,42,58,train
bwv328.npy,0,43,59,train
bwv328.npy,0,44,60,train
bwv328.npy,0,45,61,train
bwv328.npy,0,46,62,train
bwv328.npy,0,47,63,train
bwv328.npy,0,48,64,train
bwv328.npy,0,49,65,train
bwv328.npy,0,50,66,train
bwv328.npy,0,51,67,train
bwv328.npy,0,52,68,train
bwv328.npy,0,53,69,train
bwv328.npy,0,54,70,train
bwv328.npy,0,55,71,train
bwv328.npy,0,56,72,train
bwv328.npy,0,57,73,train
bwv328.npy,0,58,74,train
bwv328.npy,0,59,75,train
bwv328.npy,0,60,76,train
bwv328.npy,0,61,77,train
bwv328.npy,0,62,78,train
bwv328.npy,1,0,16,train
bwv328.npy,1,1,17,train
bwv328.npy,1,2,18,train
bwv328.npy,1,3,19,train
bwv328.npy,1,4,20,train
bwv328.npy,1,5,21,train
bwv328.npy,1,6,22,train
bwv328.npy,1,7,23,train
bwv328.npy,1,8,24,train
bwv328.npy,1,9,25,train
bwv328.npy,1,10,26,train
bwv328.npy,1,11,27,train
bwv328.npy,1,12,28,train
bwv328.npy,1,13,29,train
bwv328.npy,1,14,30,train
bwv328.npy,1,15,31,train
bwv328.npy,1,16,32,train
bwv328.npy,1,17,33,train
bwv328.npy,1,18,34,train
bwv328.npy,1,19,35,train
bwv328.npy,1,20,36,train
bwv328.npy,1,21,37,train
bwv328.npy,1,22,38,train
bwv328.npy,1,23,39,train
bwv328.npy,1,24,40,train
bwv328.npy,1,25,41,train
bwv328.npy,1,26,42,train
bwv328.npy,1,27,43,train
bwv328.npy,1,28,44,train
bwv328.npy,1,29,45,train
bwv328.npy,1,30,46,train
bwv328.npy,1,31,47,train
bwv328.npy,1,32,48,train
bwv328.npy,1,33,49,train
bwv328.npy,1,34,50,train
bwv328.npy,1,35,51,train
bwv328.npy,1,36,52,train
bwv328.npy,1,37,53,train
bwv328.npy,1,38,54,train
bwv328.npy,1,39,55,train
bwv328.npy,1,40,56,train
bwv328.npy,1,41,57,train
bwv328.npy,1,42,58,train
bwv328.npy,1,43,59,train
bwv328.npy,1,44,60,train
bwv328.npy,1,45,61,train
bwv328.npy,1,46,62,train
bwv328.npy,1,47,63,train
bwv328.npy,1,48,64,train
bwv328.npy,1,49,65,train
bwv328.npy,1,50,66,train
bwv328.npy,1,51,67,train
bwv328.npy,1,52,68,train
bwv328.npy,1,53,69,train
bwv328.npy,1,54,70,train
bwv328.npy,1,55,71,train
bwv328.npy,1,56,72,train
bwv328.npy,1,57,73,train
bwv328.npy,1,58,74,train
bwv328.npy,1,59,75,train
bwv328.npy,1,60,76,train
bwv328.npy,1,61,77,train
bwv328.npy,1,62,78,train
bwv328.npy,1,63,79,train
bwv328.npy,2,0,16,train
bwv328.npy,2,1,17,train
bwv328.npy,2,2,18,train
bwv328.npy,2,3,19,train
bwv328.npy,2,4,20,train
bwv328.npy,2,5,21,train
bwv328.npy,2,6,22,train
bwv328.npy,2,7,23,train
bwv328.npy,2,8,24,train
bwv328.npy,2,9,25,train
bwv328.npy,2,10,26,train
bwv328.npy,2,11,27,train
bwv328.npy,2,12,28,train
bwv328.npy,2,13,29,train
bwv328.npy,2,14,30,train
bwv328.npy,2,15,31,train
bwv328.npy,2,16,32,train
bwv328.npy,2,17,33,train
bwv328.npy,2,18,34,train
bwv328.npy,2,19,35,train
bwv328.npy,2,20,36,train
bwv328.npy,2,21,37,train
bwv328.npy,2,22,38,train
bwv328.npy,2,23,39,train
bwv328.npy,2,24,40,train
bwv328.npy,2,25,41,train
bwv328.npy,2,26,42,train
bwv328.npy,2,27,43,train
bwv328.npy,2,28,44,train
bwv328.npy,2,29,45,train
bwv328.npy,2,30,46,train
bwv328.npy,2,31,47,train
bwv328.npy,2,32,48,train
bwv328.npy,2,33,49,train
bwv328.npy,2,34,50,train
bwv328.npy,2,35,51,train
bwv328.npy,2,36,52,train
bwv328.npy,2,37,53,train
bwv328.npy,2,38,54,train
bwv328.npy,2,39,55,train
bwv328.npy,2,40,56,train
bwv328.npy,2,41,57,train
bwv328.npy,2,42,58,train
bwv328.npy,2,43,59,train
bwv328.npy,2,44,60,train
bwv328.npy,2,45,61,train
bwv328.npy,2,46,62,train
bwv328.npy,2,47,63,train
bwv328.npy,2,48,64,train
bwv328.npy,2,49,65,train
bwv328.npy,2,50,66,train
bwv328.npy,2,51,67,train
bwv328.npy,2,52,68,train
bwv328.npy,2,53,69,train
bwv328.npy,2,54,70,train
bwv328.npy,2,55,71,train
bwv328.npy,2,56,72,train
bwv328.npy,2,57,73,train
bwv328.npy,2,58,74,train
bwv328.npy,2,59,75,train
bwv328.npy,2,60,76,train
bwv328.npy,2,61,77,train
bwv328.npy,2,62,78,train
bwv328.npy,2,63,79,train
bwv328.npy,3,0,16,train
bwv328.npy,3,1,17,train
bwv328.npy,3,2,18,train
bwv328.npy,3,3,19,train
bwv328.npy,3,4,20,train
bwv328.npy,3,5,21,train
bwv328.npy,3,6,22,train
bwv328.npy,3,7,23,train
bwv328.npy,3,8,24,train
bwv328.npy,3,9,25,train
bwv328.npy,3,10,26,train
bwv328.npy,3,11,27,train
bwv328.npy,3,12,28,train
bwv328.npy,3,13,29,train
bwv328.npy,3,14,30,train
bwv328.npy,3,15,31,train
bwv328.npy,3,16,32,train
bwv328.npy,3,17,33,train
bwv328.npy,3,18,34,train
bwv328.npy,3,19,35,train
bwv328.npy,3,20,36,train
bwv328.npy,3,21,37,train
bwv328.npy,3,22,38,train
bwv328.npy,3,23,39,train
bwv328.npy,3,24,40,train
bwv328.npy,3,25,41,train
bwv328.npy,3,26,42,train
bwv328.npy,3,27,43,train
bwv328.npy,3,28,44,train
bwv328.npy,3,29,45,train
bwv328.npy,3,30,46,train
bwv328.npy,3,31,47,train
bwv328.npy,3,32,48,train
bwv328.npy,3,33,49,train
bwv328.npy,3,34,50,train
bwv328.npy,3,35,51,train
bwv328.npy,3,36,52,train
bwv328.npy,3,37,53,train
bwv328.npy,3,38,54,train
bwv328.npy,3,39,55,train
bwv328.npy,3,40,56,train
bwv328.npy,3,41,57,train
bwv328.npy,3,42,58,train
bwv328.npy,3,43,59,train
bwv328.npy,3,44,60,train
bwv328.npy,3,45,61,train
bwv328.npy,3,46,62,train
bwv328.npy,3,47,63,train
bwv328.npy,3,48,64,train
bwv328.npy,3,49,65,train
bwv328.npy,3,50,66,train
bwv328.npy,3,51,67,train
bwv328.npy,3,52,68,train
bwv328.npy,3,53,69,train
bwv328.npy,3,54,70,train
bwv328.npy,3,55,71,train
bwv328.npy,3,56,72,train
bwv328.npy,3,57,73,train
bwv328.npy,3,58,74,train
bwv328.npy,3,59,75,train
bwv328.npy,3,60,76,train
bwv328.npy,3,61,77,train
bwv328.npy,3,62,78,train
bwv328.npy,3,63,79,train
bwv1.npy,0,0,16,train
bwv1.npy,0,1,17,train
bwv1.npy,0,2,18,train
bwv1.npy,0,3,19,train
bwv1.npy,0,4,20,train
bwv1.npy,1,0,16,train
bwv1.npy,1,1,17,train
bwv1.npy,1,2,18,train
bwv1.npy,1,3,19,train
bwv1.npy,1,4,20,train
bwv1.npy,2,0,16,train
bwv1.npy,2,1,17,train
bwv1.npy,2,2,18,train
bwv1.npy,2,3,19,train
bwv1.npy,2,4,20,train
bwv1.npy,3,0,16,train
bwv1.npy,3,1,17,train
bwv1.npy,3,2,18,train
bwv1.npy,3,3,19,train
bwv1.npy,3,4,20,train
bwv1.npy,4,0,16,train
bwv1.npy,4,1,17,train
bwv1.npy,4,2,18,train
bwv1.npy,4,3,19,train
bwv1.npy,4,4,20,train
bwv415.npy,0,0,16,train
bwv415.npy,0,1,17,train
bwv415.npy,0,2,18,train
bwv415.npy,0,3,19,train
bwv415.npy,1,0,16,train
bwv415.npy,1,1,17,train
bwv415.npy,1,2,18,train
bwv415.npy,1,3,19,train
bwv415.npy,2,0,16,train
bwv415.npy,2,1,17,train
bwv415.npy,2,2,18,train
bwv415.npy,2,3,19,train
bwv415.npy,3,0,16,train
bwv415.npy,3,1,17,train
bwv415.npy,3,2,18,train
bwv415.npy,3,3,19,train
bwv46.npy,0,0,16,train
bwv46.npy,0,1,17,train
bwv46.npy,0,2,18,train
bwv46.npy,1,0,16,train
bwv46.npy,1,1,17,train
bwv46.npy,1,2,18,train
bwv46.npy,2,0,16,train
bwv46.npy,2,1,17,train
bwv46.npy,2,2,18,train
bwv46.npy,3,0,16,train
bwv46.npy,3,1,17,train
bwv46.npy,3,2,18,train
bwv433.npy,0,0,16,train
bwv433.npy,0,1,17,train
bwv433.npy,0,2,18,train
bwv433.npy,0,3,19,train
bwv433.npy,0,4,20,train
bwv433.npy,0,5,21,train
bwv433.npy,0,6,22,train
bwv433.npy,0,7,23,train
bwv433.npy,0,8,24,train
bwv433.npy,0,9,25,train
bwv433.npy,0,10,26,train
bwv433.npy,0,11,27,train
bwv433.npy,0,12,28,train
bwv433.npy,1,0,16,train
bwv433.npy,1,1,17,train
bwv433.npy,1,2,18,train
bwv433.npy,1,3,19,train
bwv433.npy,1,4,20,train
bwv433.npy,1,5,21,train
bwv433.npy,1,6,22,train
bwv433.npy,1,7,23,train
bwv433.npy,1,8,24,train
bwv433.npy,1,9,25,train
bwv433.npy,1,10,26,train
bwv433.npy,1,11,27,train
bwv433.npy,1,12,28,train
bwv433.npy,2,0,16,train
bwv433.npy,2,1,17,train
bwv433.npy,2,2,18,train
bwv433.npy,2,3,19,train
bwv433.npy,2,4,20,train
bwv433.npy,2,5,21,train
bwv433.npy,2,6,22,train
bwv433.npy,2,7,23,train
bwv433.npy,2,8,24,train
bwv433.npy,2,9,25,train
bwv433.npy,2,10,26,train
bwv433.npy,2,11,27,train
bwv433.npy,2,12,28,train
bwv433.npy,3,0,16,train
bwv433.npy,3,1,17,train
bwv433.npy,3,2,18,train
bwv433.npy,3,3,19,train
bwv433.npy,3,4,20,train
bwv433.npy,3,5,21,train
bwv433.npy,3,6,22,train
bwv433.npy,3,7,23,train
bwv433.npy,3,8,24,train
bwv433.npy,3,9,25,train
bwv433.npy,3,10,26,train
bwv433.npy,3,11,27,train
bwv433.npy,3,12,28,train
bwv300.npy,0,0,16,test
bwv300.npy,0,1,17,test
bwv300.npy,0,2,18,test
bwv300.npy,1,0,16,test
bwv300.npy,1,1,17,test
bwv300.npy,1,2,18,test
bwv300.npy,2,0,16,test
bwv300.npy,2,1,17,test
bwv300.npy,2,2,18,test
bwv300.npy,3,0,16,test
bwv300.npy,3,1,17,test
bwv300.npy,3,2,18,test
bwv317.npy,0,0,16,test
bwv317.npy,0,1,17,test
bwv317.npy,0,2,18,test
bwv317.npy,0,3,19,test
bwv317.npy,0,4,20,test
bwv317.npy,0,5,21,test
bwv317.npy,0,6,22,test
bwv317.npy,0,7,23,test
bwv317.npy,0,8,24,test
bwv317.npy,0,9,25,test
bwv317.npy,0,10,26,test
bwv317.npy,0,11,27,test
bwv317.npy,0,12,28,test
bwv317.npy,0,13,29,test
bwv317.npy,1,0,16,test
bwv317.npy,1,1,17,test
bwv317.npy,1,2,18,test
bwv317.npy,1,3,19,test
bwv317.npy,1,4,20,test
bwv317.npy,1,5,21,test
bwv317.npy,1,6,22,test
bwv317.npy,1,7,23,test
bwv317.npy,1,8,24,test
bwv317.npy,1,9,25,test
bwv317.npy,1,10,26,test
bwv317.npy,1,11,27,test
bwv317.npy,1,12,28,test
bwv317.npy,1,13,29,test
bwv317.npy,2,0,16,test
bwv317.npy,2,1,17,test
bwv317.npy,2,2,18,test
bwv317.npy,2,3,19,test
bwv317.npy,2,4,20,test
bwv317.npy,2,5,21,test
bwv317.npy,2,6,22,test
bwv317.npy,2,7,23,test
bwv317.npy,2,8,24,test
bwv317.npy,2,9,25,test
bwv317.npy,2,10,26,test
bwv317.npy,2,11,27,test
bwv317.npy,2,12,28,test
bwv317.npy,2,13,29,test
bwv317.npy,3,0,16,test
bwv317.npy,3,1,17,test
bwv317.npy,3,2,18,test
bwv317.npy,3,3,19,test
bwv317.npy,3,4,20,test
bwv317.npy,3,5,21,test
bwv317.npy,3,6,22,test
bwv317.npy,3,7,23,test
bwv317.npy,3,8,24,test
bwv317.npy,3,9,25,test
bwv317.npy,3,10,26,test
bwv317.npy,3,11,27,test
bwv317.npy,3,12,28,test
bwv317.npy,3,13,29,test
bwv80.npy,0,0,16,train
bwv80.npy,0,1,17,train
bwv80.npy,0,2,18,train
bwv80.npy,0,3,19,train
bwv80.npy,1,0,16,train
bwv80.npy,1,1,17,train
bwv80.npy,1,2,18,train
bwv80.npy,1,3,19,train
bwv80.npy,2,0,16,train
bwv80.npy,2,1,17,train
bwv80.npy,2,2,18,train
bwv80.npy,2,3,19,train
bwv80.npy,3,0,16,train
bwv80.npy,3,1,17,train
bwv80.npy,3,2,18,train
bwv80.npy,3,3,19,train
bwv10.npy,0,0,16,train
bwv10.npy,0,1,17,train
bwv10.npy,0,2,18,train
bwv10.npy,1,0,16,train
bwv10.npy,1,1,17,train
bwv10.npy,1,2,18,train
bwv10.npy,1,3,19,train
bwv10.npy,1,4,20,train
bwv10.npy,1,5,21,train
bwv10.npy,2,0,16,train
bwv10.npy,2,1,17,train
bwv10.npy,2,2,18,train
bwv10.npy,2,3,19,train
bwv10.npy,2,4,20,train
bwv10.npy,2,5,21,train
bwv10.npy,3,0,16,train
bwv10.npy,3,1,17,train
bwv10.npy,3,2,18,train
bwv10.npy,3,3,19,train
bwv10.npy,3,4,20,train
bwv10.npy,3,5,21,train
bwv72.npy,0,0,16,test
bwv72.npy,0,1,17,test
bwv72.npy,0,2,18,test
bwv72.npy,0,3,19,test
bwv72.npy,1,0,16,test
bwv72.npy,1,1,17,test
bwv72.npy,1,2,18,test
bwv72.npy,1,3,19,test
bwv72.npy,2,0,16,test
bwv72.npy,2,1,17,test
bwv72.npy,2,2,18,test
bwv72.npy,2,3,19,test
bwv72.npy,3,0,16,test
bwv72.npy,3,1,17,test
bwv72.npy,3,2,18,test
bwv72.npy,3,3,19,test
bwv128.npy,0,0,16,train
bwv128.npy,1,0,16,train
bwv128.npy,2,0,16,train
bwv128.npy,3,0,16,train
bwv128.npy,4,0,16,train
bwv128.npy,5,0,16,train
bwv60.npy,0,0,16,test
bwv60.npy,0,1,17,test
bwv60.npy,0,2,18,test
bwv60.npy,0,3,19,test
bwv60.npy,1,0,16,test
bwv60.npy,1,1,17,test
bwv60.npy,1,2,18,test
bwv60.npy,1,3,19,test
bwv60.npy,2,0,16,test
bwv60.npy,2,1,17,test
bwv60.npy,2,2,18,test
bwv60.npy,2,3,19,test
bwv60.npy,3,0,16,test
bwv60.npy,3,1,17,test
bwv60.npy,3,2,18,test
bwv60.npy,3,3,19,test
bwv322.npy,0,0,16,train
bwv322.npy,0,1,17,train
bwv322.npy,0,2,18,train
bwv322.npy,0,3,19,train
bwv322.npy,0,4,20,train
bwv322.npy,0,5,21,train
bwv322.npy,0,6,22,train
bwv322.npy,0,7,23,train
bwv322.npy,0,8,24,train
bwv322.npy,0,9,25,train
bwv322.npy,0,10,26,train
bwv322.npy,0,11,27,train
bwv322.npy,0,12,28,train
bwv322.npy,1,0,16,train
bwv322.npy,1,1,17,train
bwv322.npy,1,2,18,train
bwv322.npy,1,3,19,train
bwv322.npy,1,4,20,train
bwv322.npy,1,5,21,train
bwv322.npy,1,6,22,train
bwv322.npy,1,7,23,train
bwv322.npy,1,8,24,train
bwv322.npy,1,9,25,train
bwv322.npy,1,10,26,train
bwv322.npy,1,11,27,train
bwv322.npy,1,12,28,train
bwv322.npy,2,0,16,train
bwv322.npy,2,1,17,train
bwv322.npy,2,2,18,train
bwv322.npy,2,3,19,train
bwv322.npy,2,4,20,train
bwv322.npy,2,5,21,train
bwv322.npy,2,6,22,train
bwv322.npy,2,7,23,train
bwv322.npy,2,8,24,train
bwv322.npy,2,9,25,train
bwv322.npy,2,10,26,train
bwv322.npy,2,11,27,train
bwv322.npy,2,12,28,train
bwv322.npy,3,0,16,train
bwv322.npy,3,1,17,train
bwv322.npy,3,2,18,train
bwv322.npy,3,3,19,train
bwv322.npy,3,4,20,train
bwv322.npy,3,5,21,train
bwv322.npy,3,6,22,train
bwv322.npy,3,7,23,train
bwv322.npy,3,8,24,train
bwv322.npy,3,9,25,train
bwv322.npy,3,10,26,train
bwv322.npy,3,11,27,train
bwv322.npy,3,12,28,train
bwv257.npy,0,0,16,train
bwv257.npy,0,1,17,train
bwv257.npy,1,0,16,train
bwv257.npy,1,1,17,train
bwv257.npy,2,0,16,train
bwv257.npy,2,1,17,train
bwv257.npy,3,0,16,train
bwv257.npy,3,1,17,train
bwv303.npy,0,0,16,train
bwv303.npy,0,1,17,train
bwv303.npy,0,2,18,train
bwv303.npy,1,0,16,train
bwv303.npy,1,1,17,train
bwv303.npy,1,2,18,train
bwv303.npy,2,0,16,train
bwv303.npy,2,1,17,train
bwv303.npy,2,2,18,train
bwv303.npy,3,0,16,train
bwv303.npy,3,1,17,train
bwv303.npy,3,2,18,train
bwv42.npy,0,0,16,train
bwv42.npy,0,1,17,train
bwv42.npy,0,2,18,train
bwv42.npy,0,3,19,train
bwv42.npy,0,4,20,train
bwv42.npy,0,5,21,train
bwv42.npy,0,6,22,train
bwv42.npy,0,7,23,train
bwv42.npy,0,8,24,train
bwv42.npy,0,9,25,train
bwv42.npy,0,10,26,train
bwv42.npy,0,11,27,train
bwv42.npy,0,12,28,train
bwv42.npy,0,13,29,train
bwv42.npy,0,14,30,train
bwv42.npy,1,0,16,train
bwv42.npy,1,1,17,train
bwv42.npy,1,2,18,train
bwv42.npy,1,3,19,train
bwv42.npy,1,4,20,train
bwv42.npy,1,5,21,train
bwv42.npy,1,6,22,train
bwv42.npy,1,7,23,train
bwv42.npy,1,8,24,train
bwv42.npy,1,9,25,train
bwv42.npy,1,10,26,train
bwv42.npy,1,11,27,train
bwv42.npy,1,12,28,train
bwv42.npy,1,13,29,train
bwv42.npy,1,14,30,train
bwv42.npy,2,0,16,train
bwv42.npy,2,1,17,train
bwv42.npy,2,2,18,train
bwv42.npy,2,3,19,train
bwv42.npy,2,4,20,train
bwv42.npy,2,5,21,train
bwv42.npy,2,6,22,train
bwv42.npy,2,7,23,train
bwv42.npy,2,8,24,train
bwv42.npy,2,9,25,train
bwv42.npy,2,10,26,train
bwv42.npy,2,11,27,train
bwv42.npy,2,12,28,train
bwv42.npy,2,13,29,train
bwv42.npy,2,14,30,train
bwv42.npy,3,0,16,train
bwv42.npy,3,1,17,train
bwv42.npy,3,2,18,train
bwv42.npy,3,3,19,train
bwv42.npy,3,4,20,train
bwv42.npy,3,5,21,train
bwv42.npy,3,6,22,train
bwv42.npy,3,7,23,train
bwv42.npy,3,8,24,train
bwv42.npy,3,9,25,train
bwv42.npy,3,10,26,train
bwv42.npy,3,11,27,train
bwv42.npy,3,12,28,train
bwv42.npy,3,13,29,train
bwv42.npy,3,14,30,train
bwv149.npy,0,0,16,train
bwv149.npy,0,1,17,train
bwv149.npy,0,2,18,train
bwv149.npy,0,3,19,train
bwv149.npy,0,4,20,train
bwv149.npy,0,5,21,train
bwv149.npy,0,6,22,train
bwv149.npy,0,7,23,train
bwv149.npy,0,8,24,train
bwv149.npy,0,9,25,train
bwv149.npy,0,10,26,train
bwv149.npy,1,0,16,train
bwv149.npy,1,1,17,train
bwv149.npy,1,2,18,train
bwv149.npy,1,3,19,train
bwv149.npy,1,4,20,train
bwv149.npy,1,5,21,train
bwv149.npy,1,6,22,train
bwv149.npy,1,7,23,train
bwv149.npy,1,8,24,train
bwv149.npy,1,9,25,train
bwv149.npy,1,10,26,train
bwv149.npy,2,0,16,train
bwv149.npy,2,1,17,train
bwv149.npy,2,2,18,train
bwv149.npy,2,3,19,train
bwv149.npy,2,4,20,train
bwv149.npy,2,5,21,train
bwv149.npy,2,6,22,train
bwv149.npy,2,7,23,train
bwv149.npy,2,8,24,train
bwv149.npy,2,9,25,train
bwv149.npy,2,10,26,train
bwv149.npy,3,0,16,train
bwv149.npy,3,1,17,train
bwv149.npy,3,2,18,train
bwv149.npy,3,3,19,train
bwv149.npy,3,4,20,train
bwv149.npy,3,5,21,train
bwv149.npy,3,6,22,train
bwv149.npy,3,7,23,train
bwv149.npy,3,8,24,train
bwv149.npy,3,9,25,train
bwv149.npy,3,10,26,train
bwv149.npy,4,0,16,train
bwv149.npy,4,1,17,train
bwv149.npy,4,2,18,train
bwv149.npy,4,3,19,train
bwv149.npy,4,4,20,train
bwv149.npy,4,5,21,train
bwv149.npy,4,6,22,train
bwv149.npy,4,7,23,train
bwv149.npy,4,8,24,train
bwv149.npy,4,9,25,train
bwv149.npy,4,10,26,train
bwv149.npy,5,0,16,train
bwv149.npy,5,1,17,train
bwv149.npy,5,2,18,train
bwv149.npy,5,3,19,train
bwv149.npy,5,4,20,train
bwv149.npy,5,5,21,train
bwv149.npy,5,6,22,train
bwv149.npy,5,7,23,train
bwv149.npy,5,8,24,train
bwv149.npy,5,9,25,train
bwv149.npy,5,10,26,train
bwv149.npy,6,0,16,train
bwv149.npy,6,1,17,train
bwv149.npy,6,2,18,train
bwv149.npy,6,3,19,train
bwv149.npy,6,4,20,train
bwv149.npy,6,5,21,train
bwv149.npy,6,6,22,train
bwv149.npy,6,7,23,train
bwv149.npy,6,8,24,train
bwv149.npy,6,9,25,train
bwv149.npy,6,10,26,train
bwv149.npy,7,0,16,train
bwv149.npy,7,1,17,train
bwv149.npy,7,2,18,train
bwv149.npy,7,3,19,train
bwv149.npy,7,4,20,train
bwv149.npy,7,5,21,train
bwv149.npy,7,6,22,train
bwv149.npy,7,7,23,train
bwv149.npy,7,8,24,train
bwv149.npy,7,9,25,train
bwv149.npy,7,10,26,train
bwv7.npy,0,0,16,train
bwv7.npy,0,1,17,train
bwv7.npy,0,2,18,train
bwv7.npy,1,0,16,train
bwv7.npy,1,1,17,train
bwv7.npy,1,2,18,train
bwv7.npy,2,0,16,train
bwv7.npy,2,1,17,train
bwv7.npy,2,2,18,train
bwv7.npy,3,0,16,train
bwv7.npy,3,1,17,train
bwv7.npy,3,2,18,train
bwv311.npy,0,0,16,test
bwv311.npy,0,1,17,test
bwv311.npy,0,2,18,test
bwv311.npy,0,3,19,test
bwv311.npy,0,4,20,test
bwv311.npy,0,5,21,test
bwv311.npy,0,6,22,test
bwv311.npy,0,7,23,test
bwv311.npy,0,8,24,test
bwv311.npy,1,0,16,test
bwv311.npy,1,1,17,test
bwv311.npy,1,2,18,test
bwv311.npy,1,3,19,test
bwv311.npy,1,4,20,test
bwv311.npy,1,5,21,test
bwv311.npy,1,6,22,test
bwv311.npy,1,7,23,test
bwv311.npy,1,8,24,test
bwv311.npy,1,9,25,test
bwv311.npy,2,0,16,test
bwv311.npy,2,1,17,test
bwv311.npy,2,2,18,test
bwv311.npy,2,3,19,test
bwv311.npy,2,4,20,test
bwv311.npy,2,5,21,test
bwv311.npy,2,6,22,test
bwv311.npy,2,7,23,test
bwv311.npy,2,8,24,test
bwv311.npy,2,9,25,test
bwv311.npy,3,0,16,test
bwv311.npy,3,1,17,test
bwv311.npy,3,2,18,test
bwv311.npy,3,3,19,test
bwv311.npy,3,4,20,test
bwv311.npy,3,5,21,test
bwv311.npy,3,6,22,test
bwv311.npy,3,7,23,test
bwv311.npy,3,8,24,test
bwv311.npy,3,9,25,test
bwv30.npy,0,0,16,train
bwv30.npy,0,1,17,train
bwv30.npy,0,2,18,train
bwv30.npy,1,0,16,train
bwv30.npy,1,1,17,train
bwv30.npy,1,2,18,train
bwv30.npy,2,0,16,train
bwv30.npy,2,1,17,train
bwv30.npy,2,2,18,train
bwv30.npy,3,0,16,train
bwv30.npy,3,1,17,train
bwv30.npy,3,2,18,train
bwv346.npy,0,0,16,train
bwv346.npy,0,1,17,train
bwv346.npy,1,0,16,train
bwv346.npy,1,1,17,train
bwv346.npy,2,0,16,train
bwv346.npy,2,1,17,train
bwv346.npy,3,0,16,train
bwv346.npy,3,1,17,train
bwv77.npy,0,0,16,train
bwv77.npy,0,1,17,train
bwv77.npy,0,2,18,train
bwv77.npy,0,3,19,train
bwv77.npy,0,4,20,train
bwv77.npy,1,0,16,train
bwv77.npy,1,1,17,train
bwv77.npy,1,2,18,train
bwv77.npy,1,3,19,train
bwv77.npy,1,4,20,train
bwv77.npy,2,0,16,train
bwv77.npy,2,1,17,train
bwv77.npy,2,2,18,train
bwv77.npy,2,3,19,train
bwv77.npy,2,4,20,train
bwv77.npy,3,0,16,train
bwv77.npy,3,1,17,train
bwv77.npy,3,2,18,train
bwv77.npy,3,3,19,train
bwv77.npy,3,4,20,train
bwv308.npy,0,0,16,val
bwv308.npy,1,0,16,val
bwv308.npy,2,0,16,val
bwv308.npy,3,0,16,val
bwv316.npy,0,0,16,val
bwv316.npy,0,1,17,val
bwv316.npy,0,2,18,val
bwv316.npy,1,0,16,val
bwv316.npy,1,1,17,val
bwv316.npy,1,2,18,val
bwv316.npy,2,0,16,val
bwv316.npy,2,1,17,val
bwv316.npy,2,2,18,val
bwv316.npy,3,0,16,val
bwv316.npy,3,1,17,val
bwv316.npy,3,2,18,val
bwv296.npy,0,0,16,train
bwv296.npy,1,0,16,train
bwv296.npy,2,0,16,train
bwv296.npy,3,0,16,train
bwv399.npy,0,0,16,train
bwv399.npy,0,1,17,train
bwv399.npy,0,2,18,train
bwv399.npy,0,3,19,train
bwv399.npy,1,0,16,train
bwv399.npy,1,1,17,train
bwv399.npy,1,2,18,train
bwv399.npy,1,3,19,train
bwv399.npy,2,0,16,train
bwv399.npy,2,1,17,train
bwv399.npy,2,2,18,train
bwv399.npy,2,3,19,train
bwv399.npy,3,0,16,train
bwv399.npy,3,1,17,train
bwv399.npy,3,2,18,train
bwv399.npy,3,3,19,train
bwv267.npy,0,0,16,train
bwv267.npy,0,1,17,train
bwv267.npy,0,2,18,train
bwv267.npy,0,3,19,train
bwv267.npy,0,4,20,train
bwv267.npy,0,5,21,train
bwv267.npy,0,6,22,train
bwv267.npy,0,7,23,train
bwv267.npy,0,8,24,train
bwv267.npy,1,0,16,train
bwv267.npy,1,1,17,train
bwv267.npy,1,2,18,train
bwv267.npy,1,3,19,train
bwv267.npy,1,4,20,train
bwv267.npy,1,5,21,train
bwv267.npy,1,6,22,train
bwv267.npy,1,7,23,train
bwv267.npy,1,8,24,train
bwv267.npy,2,0,16,train
bwv267.npy,2,1,17,train
bwv267.npy,2,2,18,train
bwv267.npy,2,3,19,train
bwv267.npy,2,4,20,train
bwv267.npy,2,5,21,train
bwv267.npy,2,6,22,train
bwv267.npy,2,7,23,train
bwv267.npy,2,8,24,train
bwv267.npy,3,0,16,train
bwv267.npy,3,1,17,train
bwv267.npy,3,2,18,train
bwv267.npy,3,3,19,train
bwv267.npy,3,4,20,train
bwv267.npy,3,5,21,train
bwv267.npy,3,6,22,train
bwv267.npy,3,7,23,train
bwv267.npy,3,8,24,train
bwv133.npy,0,0,16,train
bwv133.npy,0,1,17,train
bwv133.npy,0,2,18,train
bwv133.npy,0,3,19,train
bwv133.npy,1,0,16,train
bwv133.npy,1,1,17,train
bwv133.npy,1,2,18,train
bwv133.npy,1,3,19,train
bwv133.npy,2,0,16,train
bwv133.npy,2,1,17,train
bwv133.npy,2,2,18,train
bwv133.npy,2,3,19,train
bwv133.npy,3,0,16,train
bwv133.npy,3,1,17,train
bwv133.npy,3,2,18,train
bwv133.npy,3,3,19,train
bwv345.npy,0,0,16,train
bwv345.npy,0,1,17,train
bwv345.npy,0,2,18,train
bwv345.npy,1,0,16,train
bwv345.npy,1,1,17,train
bwv345.npy,1,2,18,train
bwv345.npy,2,0,16,train
bwv345.npy,2,1,17,train
bwv345.npy,2,2,18,train
bwv345.npy,3,0,16,train
bwv345.npy,3,1,17,train
bwv345.npy,3,2,18,train
bwv276.npy,0,0,16,train
bwv276.npy,0,1,17,train
bwv276.npy,0,2,18,train
bwv276.npy,0,3,19,train
bwv276.npy,0,4,20,train
bwv276.npy,0,5,21,train
bwv276.npy,0,6,22,train
bwv276.npy,0,7,23,train
bwv276.npy,0,8,24,train
bwv276.npy,0,9,25,train
bwv276.npy,0,10,26,train
bwv276.npy,0,11,27,train
bwv276.npy,0,12,28,train
bwv276.npy,0,13,29,train
bwv276.npy,0,14,30,train
bwv276.npy,0,15,31,train
bwv276.npy,1,0,16,train
bwv276.npy,1,1,17,train
bwv276.npy,1,2,18,train
bwv276.npy,1,3,19,train
bwv276.npy,1,4,20,train
bwv276.npy,1,5,21,train
bwv276.npy,1,6,22,train
bwv276.npy,1,7,23,train
bwv276.npy,1,8,24,train
bwv276.npy,1,9,25,train
bwv276.npy,1,10,26,train
bwv276.npy,1,11,27,train
bwv276.npy,1,12,28,train
bwv276.npy,1,13,29,train
bwv276.npy,1,14,30,train
bwv276.npy,1,15,31,train
bwv276.npy,2,0,16,train
bwv276.npy,2,1,17,train
bwv276.npy,2,2,18,train
bwv276.npy,2,3,19,train
bwv276.npy,2,4,20,train
bwv276.npy,2,5,21,train
bwv276.npy,2,6,22,train
bwv276.npy,2,7,23,train
bwv276.npy,2,8,24,train
bwv276.npy,2,9,25,train
bwv276.npy,2,10,26,train
bwv276.npy,2,11,27,train
bwv276.npy,2,12,28,train
bwv276.npy,2,13,29,train
bwv276.npy,2,14,30,train
bwv276.npy,2,15,31,train
bwv276.npy,3,0,16,train
bwv276.npy,3,1,17,train
bwv276.npy,3,2,18,train
bwv276.npy,3,3,19,train
bwv276.npy,3,4,20,train
bwv276.npy,3,5,21,train
bwv276.npy,3,6,22,train
bwv276.npy,3,7,23,train
bwv276.npy,3,8,24,train
bwv276.npy,3,9,25,train
bwv276.npy,3,10,26,train
bwv276.npy,3,11,27,train
bwv276.npy,3,12,28,train
bwv276.npy,3,13,29,train
bwv276.npy,3,14,30,train
bwv276.npy,3,15,31,train
bwv258.npy,0,0,16,train
bwv258.npy,0,1,17,train
bwv258.npy,1,0,16,train
bwv258.npy,1,1,17,train
bwv258.npy,2,0,16,train
bwv258.npy,2,1,17,train
bwv258.npy,3,0,16,train
bwv258.npy,3,1,17,train
bwv92.npy,0,0,16,train
bwv92.npy,0,1,17,train
bwv92.npy,0,2,18,train
bwv92.npy,0,3,19,train
bwv92.npy,1,0,16,train
bwv92.npy,1,1,17,train
bwv92.npy,1,2,18,train
bwv92.npy,1,3,19,train
bwv92.npy,2,0,16,train
bwv92.npy,2,1,17,train
bwv92.npy,2,2,18,train
bwv92.npy,2,3,19,train
bwv92.npy,3,0,16,train
bwv92.npy,3,1,17,train
bwv92.npy,3,2,18,train
bwv92.npy,3,3,19,train
bwv161.npy,0,0,16,train
bwv161.npy,0,1,17,train
bwv161.npy,0,2,18,train
bwv161.npy,1,0,16,train
bwv161.npy,1,1,17,train
bwv161.npy,1,2,18,train
bwv161.npy,2,0,16,train
bwv161.npy,2,1,17,train
bwv161.npy,2,2,18,train
bwv161.npy,3,0,16,train
bwv161.npy,3,1,17,train
bwv161.npy,3,2,18,train
bwv161.npy,4,0,16,train
bwv161.npy,4,1,17,train
bwv161.npy,4,2,18,train
bwv301.npy,0,0,16,val
bwv301.npy,0,1,17,val
bwv301.npy,0,2,18,val
bwv301.npy,1,0,16,val
bwv301.npy,1,1,17,val
bwv301.npy,1,2,18,val
bwv301.npy,2,0,16,val
bwv301.npy,2,1,17,val
bwv301.npy,2,2,18,val
bwv301.npy,3,0,16,val
bwv301.npy,3,1,17,val
bwv301.npy,3,2,18,val
bwv176.npy,0,0,16,train
bwv176.npy,0,1,17,train
bwv176.npy,0,2,18,train
bwv176.npy,0,3,19,train
bwv176.npy,0,4,20,train
bwv176.npy,0,5,21,train
bwv176.npy,0,6,22,train
bwv176.npy,1,0,16,train
bwv176.npy,1,1,17,train
bwv176.npy,1,2,18,train
bwv176.npy,1,3,19,train
bwv176.npy,1,4,20,train
bwv176.npy,1,5,21,train
bwv176.npy,1,6,22,train
bwv176.npy,2,0,16,train
bwv176.npy,2,1,17,train
bwv176.npy,2,2,18,train
bwv176.npy,2,3,19,train
bwv176.npy,2,4,20,train
bwv176.npy,2,5,21,train
bwv176.npy,2,6,22,train
bwv176.npy,3,0,16,train
bwv176.npy,3,1,17,train
bwv176.npy,3,2,18,train
bwv176.npy,3,3,19,train
bwv176.npy,3,4,20,train
bwv176.npy,3,5,21,train
bwv176.npy,3,6,22,train
bwv25.npy,0,0,16,train
bwv25.npy,1,0,16,train
bwv25.npy,2,0,16,train
bwv25.npy,3,0,16,train
bwv427.npy,0,0,16,train
bwv427.npy,1,0,16,train
bwv427.npy,2,0,16,train
bwv427.npy,3,0,16,train
bwv36.npy,0,0,16,train
bwv36.npy,0,1,17,train
bwv36.npy,0,2,18,train
bwv36.npy,0,3,19,train
bwv36.npy,0,4,20,train
bwv36.npy,0,5,21,train
bwv36.npy,0,6,22,train
bwv36.npy,1,0,16,train
bwv36.npy,1,1,17,train
bwv36.npy,1,2,18,train
bwv36.npy,1,3,19,train
bwv36.npy,1,4,20,train
bwv36.npy,1,5,21,train
bwv36.npy,1,6,22,train
bwv36.npy,2,0,16,train
bwv36.npy,2,1,17,train
bwv36.npy,2,2,18,train
bwv36.npy,2,3,19,train
bwv36.npy,2,4,20,train
bwv36.npy,2,5,21,train
bwv36.npy,2,6,22,train
bwv36.npy,3,0,16,train
bwv36.npy,3,1,17,train
bwv36.npy,3,2,18,train
bwv36.npy,3,3,19,train
bwv36.npy,3,4,20,train
bwv36.npy,3,5,21,train
bwv36.npy,3,6,22,train
bwv411.npy,0,0,16,test
bwv411.npy,0,1,17,test
bwv411.npy,1,0,16,test
bwv411.npy,1,1,17,test
bwv411.npy,2,0,16,test
bwv411.npy,2,1,17,test
bwv411.npy,3,0,16,test
bwv411.npy,3,1,17,test
bwv278.npy,0,0,16,val
bwv278.npy,0,1,17,val
bwv278.npy,0,2,18,val
bwv278.npy,0,3,19,val
bwv278.npy,1,0,16,val
bwv278.npy,1,1,17,val
bwv278.npy,1,2,18,val
bwv278.npy,1,3,19,val
bwv278.npy,2,0,16,val
bwv278.npy,2,1,17,val
bwv278.npy,2,2,18,val
bwv278.npy,2,3,19,val
bwv278.npy,3,0,16,val
bwv278.npy,3,1,17,val
bwv278.npy,3,2,18,val
bwv278.npy,3,3,19,val
bwv261.npy,0,0,16,test
bwv261.npy,0,1,17,test
bwv261.npy,0,2,18,test
bwv261.npy,0,3,19,test
bwv261.npy,0,4,20,test
bwv261.npy,0,5,21,test
bwv261.npy,0,6,22,test
bwv261.npy,0,7,23,test
bwv261.npy,0,8,24,test
bwv261.npy,0,9,25,test
bwv261.npy,0,10,26,test
bwv261.npy,0,11,27,test
bwv261.npy,0,12,28,test
bwv261.npy,0,13,29,test
bwv261.npy,0,14,30,test
bwv261.npy,1,0,16,test
bwv261.npy,1,1,17,test
bwv261.npy,1,2,18,test
bwv261.npy,1,3,19,test
bwv261.npy,1,4,20,test
bwv261.npy,1,5,21,test
bwv261.npy,1,6,22,test
bwv261.npy,1,7,23,test
bwv261.npy,1,8,24,test
bwv261.npy,1,9,25,test
bwv261.npy,1,10,26,test
bwv261.npy,1,11,27,test
bwv261.npy,1,12,28,test
bwv261.npy,1,13,29,test
bwv261.npy,1,14,30,test
bwv261.npy,2,0,16,test
bwv261.npy,2,1,17,test
bwv261.npy,2,2,18,test
bwv261.npy,2,3,19,test
bwv261.npy,2,4,20,test
bwv261.npy,2,5,21,test
bwv261.npy,2,6,22,test
bwv261.npy,2,7,23,test
bwv261.npy,2,8,24,test
bwv261.npy,2,9,25,test
bwv261.npy,2,10,26,test
bwv261.npy,2,11,27,test
bwv261.npy,2,12,28,test
bwv261.npy,2,13,29,test
bwv261.npy,2,14,30,test
bwv261.npy,3,0,16,test
bwv261.npy,3,1,17,test
bwv261.npy,3,2,18,test
bwv261.npy,3,3,19,test
bwv261.npy,3,4,20,test
bwv261.npy,3,5,21,test
bwv261.npy,3,6,22,test
bwv261.npy,3,7,23,test
bwv261.npy,3,8,24,test
bwv261.npy,3,9,25,test
bwv261.npy,3,10,26,test
bwv261.npy,3,11,27,test
bwv261.npy,3,12,28,test
bwv261.npy,3,13,29,test
bwv261.npy,3,14,30,test
bwv111.npy,0,0,16,train
bwv111.npy,0,1,17,train
bwv111.npy,0,2,18,train
bwv111.npy,0,3,19,train
bwv111.npy,0,4,20,train
bwv111.npy,1,0,16,train
bwv111.npy,1,1,17,train
bwv111.npy,1,2,18,train
bwv111.npy,1,3,19,train
bwv111.npy,1,4,20,train
bwv111.npy,2,0,16,train
bwv111.npy,2,1,17,train
bwv111.npy,2,2,18,train
bwv111.npy,2,3,19,train
bwv111.npy,2,4,20,train
bwv111.npy,3,0,16,train
bwv111.npy,3,1,17,train
bwv111.npy,3,2,18,train
bwv111.npy,3,3,19,train
bwv111.npy,3,4,20,train
bwv174.npy,0,0,16,test
bwv174.npy,0,1,17,test
bwv174.npy,0,2,18,test
bwv174.npy,0,3,19,test
bwv174.npy,0,4,20,test
bwv174.npy,0,5,21,test
bwv174.npy,0,6,22,test
bwv174.npy,0,7,23,test
bwv174.npy,0,8,24,test
bwv174.npy,0,9,25,test
bwv174.npy,0,10,26,test
bwv174.npy,0,11,27,test
bwv174.npy,1,0,16,test
bwv174.npy,1,1,17,test
bwv174.npy,1,2,18,test
bwv174.npy,1,3,19,test
bwv174.npy,1,4,20,test
bwv174.npy,1,5,21,test
bwv174.npy,1,6,22,test
bwv174.npy,1,7,23,test
bwv174.npy,1,8,24,test
bwv174.npy,1,9,25,test
bwv174.npy,1,10,26,test
bwv174.npy,1,11,27,test
bwv174.npy,2,0,16,test
bwv174.npy,2,1,17,test
bwv174.npy,2,2,18,test
bwv174.npy,2,3,19,test
bwv174.npy,2,4,20,test
bwv174.npy,2,5,21,test
bwv174.npy,2,6,22,test
bwv174.npy,2,7,23,test
bwv174.npy,2,8,24,test
bwv174.npy,2,9,25,test
bwv174.npy,2,10,26,test
bwv174.npy,2,11,27,test
bwv174.npy,3,0,16,test
bwv174.npy,3,1,17,test
bwv174.npy,3,2,18,test
bwv174.npy,3,3,19,test
bwv174.npy,3,4,20,test
bwv174.npy,3,5,21,test
bwv174.npy,3,6,22,test
bwv174.npy,3,7,23,test
bwv174.npy,3,8,24,test
bwv174.npy,3,9,25,test
bwv174.npy,3,10,26,test
bwv174.npy,3,11,27,test
bwv88.npy,0,0,16,train
bwv88.npy,1,0,16,train
bwv88.npy,2,0,16,train
bwv88.npy,3,0,16,train
bwv244.npy,0,0,16,train
bwv244.npy,0,1,17,train
bwv244.npy,0,2,18,train
bwv244.npy,0,3,19,train
bwv244.npy,1,0,16,train
bwv244.npy,1,1,17,train
bwv244.npy,1,2,18,train
bwv244.npy,1,3,19,train
bwv244.npy,2,0,16,train
bwv244.npy,2,1,17,train
bwv244.npy,2,2,18,train
bwv244.npy,2,3,19,train
bwv244.npy,3,0,16,train
bwv244.npy,3,1,17,train
bwv244.npy,3,2,18,train
bwv244.npy,3,3,19,train
bwv383.npy,0,0,16,test
bwv383.npy,0,1,17,test
bwv383.npy,0,2,18,test
bwv383.npy,0,3,19,test
bwv383.npy,0,4,20,test
bwv383.npy,0,5,21,test
bwv383.npy,0,6,22,test
bwv383.npy,0,7,23,test
bwv383.npy,0,8,24,test
bwv383.npy,0,9,25,test
bwv383.npy,0,10,26,test
bwv383.npy,0,11,27,test
bwv383.npy,0,12,28,test
bwv383.npy,0,13,29,test
bwv383.npy,0,14,30,test
bwv383.npy,0,15,31,test
bwv383.npy,0,16,32,test
bwv383.npy,0,17,33,test
bwv383.npy,0,18,34,test
bwv383.npy,1,0,16,test
bwv383.npy,1,1,17,test
bwv383.npy,1,2,18,test
bwv383.npy,1,3,19,test
bwv383.npy,1,4,20,test
bwv383.npy,1,5,21,test
bwv383.npy,1,6,22,test
bwv383.npy,1,7,23,test
bwv383.npy,1,8,24,test
bwv383.npy,1,9,25,test
bwv383.npy,1,10,26,test
bwv383.npy,1,11,27,test
bwv383.npy,1,12,28,test
bwv383.npy,1,13,29,test
bwv383.npy,1,14,30,test
bwv383.npy,1,15,31,test
bwv383.npy,1,16,32,test
bwv383.npy,1,17,33,test
bwv383.npy,1,18,34,test
bwv383.npy,2,0,16,test
bwv383.npy,2,1,17,test
bwv383.npy,2,2,18,test
bwv383.npy,2,3,19,test
bwv383.npy,2,4,20,test
bwv383.npy,2,5,21,test
bwv383.npy,2,6,22,test
bwv383.npy,2,7,23,test
bwv383.npy,2,8,24,test
bwv383.npy,2,9,25,test
bwv383.npy,2,10,26,test
bwv383.npy,2,11,27,test
bwv383.npy,2,12,28,test
bwv383.npy,2,13,29,test
bwv383.npy,2,14,30,test
bwv383.npy,2,15,31,test
bwv383.npy,2,16,32,test
bwv383.npy,2,17,33,test
bwv383.npy,2,18,34,test
bwv383.npy,3,0,16,test
bwv383.npy,3,1,17,test
bwv383.npy,3,2,18,test
bwv383.npy,3,3,19,test
bwv383.npy,3,4,20,test
bwv383.npy,3,5,21,test
bwv383.npy,3,6,22,test
bwv383.npy,3,7,23,test
bwv383.npy,3,8,24,test
bwv383.npy,3,9,25,test
bwv383.npy,3,10,26,test
bwv383.npy,3,11,27,test
bwv383.npy,3,12,28,test
bwv383.npy,3,13,29,test
bwv383.npy,3,14,30,test
bwv383.npy,3,15,31,test
bwv383.npy,3,16,32,test
bwv383.npy,3,17,33,test
bwv383.npy,3,18,34,test
bwv260.npy,0,0,16,train
bwv260.npy,1,0,16,train
bwv260.npy,2,0,16,train
bwv260.npy,3,0,16,train
bwv275.npy,0,0,16,train
bwv275.npy,0,1,17,train
bwv275.npy,1,0,16,train
bwv275.npy,1,1,17,train
bwv275.npy,2,0,16,train
bwv275.npy,2,1,17,train
bwv275.npy,3,0,16,train
bwv275.npy,3,1,17,train
bwv8.npy,0,0,16,train
bwv8.npy,0,1,17,train
bwv8.npy,0,2,18,train
bwv8.npy,0,3,19,train
bwv8.npy,1,0,16,train
bwv8.npy,1,1,17,train
bwv8.npy,1,2,18,train
bwv8.npy,1,3,19,train
bwv8.npy,2,0,16,train
bwv8.npy,2,1,17,train
bwv8.npy,2,2,18,train
bwv8.npy,2,3,19,train
bwv8.npy,3,0,16,train
bwv8.npy,3,1,17,train
bwv8.npy,3,2,18,train
bwv8.npy,3,3,19,train
bwv8.npy,4,0,16,train
bwv8.npy,4,1,17,train
bwv8.npy,4,2,18,train
bwv8.npy,4,3,19,train
bwv284.npy,0,0,16,train
bwv284.npy,1,0,16,train
bwv284.npy,2,0,16,train
bwv284.npy,3,0,16,train
bwv248.npy,0,0,16,train
bwv248.npy,0,1,17,train
bwv248.npy,0,2,18,train
bwv248.npy,0,3,19,train
bwv248.npy,1,0,16,train
bwv248.npy,1,1,17,train
bwv248.npy,1,2,18,train
bwv248.npy,1,3,19,train
bwv248.npy,2,0,16,train
bwv248.npy,2,1,17,train
bwv248.npy,2,2,18,train
bwv248.npy,2,3,19,train
bwv248.npy,3,0,16,train
bwv248.npy,3,1,17,train
bwv248.npy,3,2,18,train
bwv248.npy,3,3,19,train
bwv353.npy,0,0,16,train
bwv353.npy,0,1,17,train
bwv353.npy,0,2,18,train
bwv353.npy,1,0,16,train
bwv353.npy,1,1,17,train
bwv353.npy,1,2,18,train
bwv353.npy,2,0,16,train
bwv353.npy,2,1,17,train
bwv353.npy,2,2,18,train
bwv353.npy,3,0,16,train
bwv353.npy,3,1,17,train
bwv353.npy,3,2,18,train
bwv81.npy,0,0,16,train
bwv81.npy,0,1,17,train
bwv81.npy,0,2,18,train
bwv81.npy,1,0,16,train
bwv81.npy,1,1,17,train
bwv81.npy,1,2,18,train
bwv81.npy,2,0,16,train
bwv81.npy,2,1,17,train
bwv81.npy,2,2,18,train
bwv81.npy,3,0,16,train
bwv81.npy,3,1,17,train
bwv81.npy,3,2,18,train
bwv437.npy,0,0,16,test
bwv437.npy,0,1,17,test
bwv437.npy,0,2,18,test
bwv437.npy,0,3,19,test
bwv437.npy,0,4,20,test
bwv437.npy,0,5,21,test
bwv437.npy,0,6,22,test
bwv437.npy,0,7,23,test
bwv437.npy,0,8,24,test
bwv437.npy,0,9,25,test
bwv437.npy,0,10,26,test
bwv437.npy,0,11,27,test
bwv437.npy,0,12,28,test
bwv437.npy,0,13,29,test
bwv437.npy,0,14,30,test
bwv437.npy,0,15,31,test
bwv437.npy,1,0,16,test
bwv437.npy,1,1,17,test
bwv437.npy,1,2,18,test
bwv437.npy,1,3,19,test
bwv437.npy,1,4,20,test
bwv437.npy,1,5,21,test
bwv437.npy,1,6,22,test
bwv437.npy,1,7,23,test
bwv437.npy,1,8,24,test
bwv437.npy,1,9,25,test
bwv437.npy,1,10,26,test
bwv437.npy,1,11,27,test
bwv437.npy,1,12,28,test
bwv437.npy,1,13,29,test
bwv437.npy,1,14,30,test
bwv437.npy,1,15,31,test
bwv437.npy,2,0,16,test
bwv437.npy,2,1,17,test
bwv437.npy,2,2,18,test
bwv437.npy,2,3,19,test
bwv437.npy,2,4,20,test
bwv437.npy,2,5,21,test
bwv437.npy,2,6,22,test
bwv437.npy,2,7,23,test
bwv437.npy,2,8,24,test
bwv437.npy,2,9,25,test
bwv437.npy,2,10,26,test
bwv437.npy,2,11,27,test
bwv437.npy,2,12,28,test
bwv437.npy,2,13,29,test
bwv437.npy,2,14,30,test
bwv437.npy,2,15,31,test
bwv437.npy,3,0,16,test
bwv437.npy,3,1,17,test
bwv437.npy,3,2,18,test
bwv437.npy,3,3,19,test
bwv437.npy,3,4,20,test
bwv437.npy,3,5,21,test
bwv437.npy,3,6,22,test
bwv437.npy,3,7,23,test
bwv437.npy,3,8,24,test
bwv437.npy,3,9,25,test
bwv437.npy,3,10,26,test
bwv437.npy,3,11,27,test
bwv437.npy,3,12,28,test
bwv437.npy,3,13,29,test
bwv437.npy,3,14,30,test
bwv437.npy,3,15,31,test
bwv185.npy,0,0,16,val
bwv185.npy,0,1,17,val
bwv185.npy,1,0,16,val
bwv185.npy,1,1,17,val
bwv185.npy,2,0,16,val
bwv185.npy,2,1,17,val
bwv185.npy,3,0,16,val
bwv185.npy,3,1,17,val
bwv185.npy,4,0,16,val
bwv185.npy,4,1,17,val
bwv18.npy,0,0,16,train
bwv18.npy,0,1,17,train
bwv18.npy,0,2,18,train
bwv18.npy,0,3,19,train
bwv18.npy,0,4,20,train
bwv18.npy,1,0,16,train
bwv18.npy,1,1,17,train
bwv18.npy,1,2,18,train
bwv18.npy,1,3,19,train
bwv18.npy,1,4,20,train
bwv18.npy,2,0,16,train
bwv18.npy,2,1,17,train
bwv18.npy,2,2,18,train
bwv18.npy,2,3,19,train
bwv18.npy,2,4,20,train
bwv18.npy,3,0,16,train
bwv18.npy,3,1,17,train
bwv18.npy,3,2,18,train
bwv18.npy,3,3,19,train
bwv18.npy,3,4,20,train
bwv20.npy,0,0,16,train
bwv20.npy,0,1,17,train
bwv20.npy,0,2,18,train
bwv20.npy,1,0,16,train
bwv20.npy,1,1,17,train
bwv20.npy,1,2,18,train
bwv20.npy,2,0,16,train
bwv20.npy,2,1,17,train
bwv20.npy,2,2,18,train
bwv20.npy,3,0,16,train
bwv20.npy,3,1,17,train
bwv20.npy,3,2,18,train
bwv397.npy,0,0,16,train
bwv397.npy,0,1,17,train
bwv397.npy,0,2,18,train
bwv397.npy,0,3,19,train
bwv397.npy,0,4,20,train
bwv397.npy,1,0,16,train
bwv397.npy,1,1,17,train
bwv397.npy,1,2,18,train
bwv397.npy,1,3,19,train
bwv397.npy,1,4,20,train
bwv397.npy,2,0,16,train
bwv397.npy,2,1,17,train
bwv397.npy,2,2,18,train
bwv397.npy,2,3,19,train
bwv397.npy,2,4,20,train
bwv397.npy,3,0,16,train
bwv397.npy,3,1,17,train
bwv397.npy,3,2,18,train
bwv397.npy,3,3,19,train
bwv397.npy,3,4,20,train
bwv140.npy,0,0,16,train
bwv140.npy,0,1,17,train
bwv140.npy,0,2,18,train
bwv140.npy,0,3,19,train
bwv140.npy,0,4,20,train
bwv140.npy,0,5,21,train
bwv140.npy,0,6,22,train
bwv140.npy,0,7,23,train
bwv140.npy,0,8,24,train
bwv140.npy,0,9,25,train
bwv140.npy,1,0,16,train
bwv140.npy,1,1,17,train
bwv140.npy,1,2,18,train
bwv140.npy,1,3,19,train
bwv140.npy,1,4,20,train
bwv140.npy,1,5,21,train
bwv140.npy,1,6,22,train
bwv140.npy,1,7,23,train
bwv140.npy,1,8,24,train
bwv140.npy,1,9,25,train
bwv140.npy,2,0,16,train
bwv140.npy,2,1,17,train
bwv140.npy,2,2,18,train
bwv140.npy,2,3,19,train
bwv140.npy,2,4,20,train
bwv140.npy,2,5,21,train
bwv140.npy,2,6,22,train
bwv140.npy,2,7,23,train
bwv140.npy,2,8,24,train
bwv140.npy,2,9,25,train
bwv140.npy,3,0,16,train
bwv140.npy,3,1,17,train
bwv140.npy,3,2,18,train
bwv140.npy,3,3,19,train
bwv140.npy,3,4,20,train
bwv140.npy,3,5,21,train
bwv140.npy,3,6,22,train
bwv140.npy,3,7,23,train
bwv140.npy,3,8,24,train
bwv140.npy,3,9,25,train
bwv283.npy,0,0,16,train
bwv283.npy,1,0,16,train
bwv283.npy,2,0,16,train
bwv283.npy,3,0,16,train
bwv119.npy,0,0,16,train
bwv119.npy,0,1,17,train
bwv119.npy,0,2,18,train
bwv119.npy,0,3,19,train
bwv119.npy,0,4,20,train
bwv119.npy,1,0,16,train
bwv119.npy,1,1,17,train
bwv119.npy,1,2,18,train
bwv119.npy,1,3,19,train
bwv119.npy,1,4,20,train
bwv119.npy,2,0,16,train
bwv119.npy,2,1,17,train
bwv119.npy,2,2,18,train
bwv119.npy,2,3,19,train
bwv119.npy,2,4,20,train
bwv119.npy,3,0,16,train
bwv119.npy,3,1,17,train
bwv119.npy,3,2,18,train
bwv119.npy,3,3,19,train
bwv119.npy,3,4,20,train
bwv37.npy,0,0,16,train
bwv37.npy,0,1,17,train
bwv37.npy,0,2,18,train
bwv37.npy,0,3,19,train
bwv37.npy,0,4,20,train
bwv37.npy,1,0,16,train
bwv37.npy,1,1,17,train
bwv37.npy,1,2,18,train
bwv37.npy,1,3,19,train
bwv37.npy,1,4,20,train
bwv37.npy,2,0,16,train
bwv37.npy,2,1,17,train
bwv37.npy,2,2,18,train
bwv37.npy,2,3,19,train
bwv37.npy,2,4,20,train
bwv37.npy,3,0,16,train
bwv37.npy,3,1,17,train
bwv37.npy,3,2,18,train
bwv37.npy,3,3,19,train
bwv37.npy,3,4,20,train
bwv164.npy,0,0,16,train
bwv164.npy,1,0,16,train
bwv164.npy,2,0,16,train
bwv164.npy,3,0,16,train
bwv79.npy,0,0,16,train
bwv79.npy,0,1,17,train
bwv79.npy,0,2,18,train
bwv79.npy,0,3,19,train
bwv79.npy,0,4,20,train
bwv79.npy,0,5,21,train
bwv79.npy,0,6,22,train
bwv79.npy,0,7,23,train
bwv79.npy,0,8,24,train
bwv79.npy,0,9,25,train
bwv79.npy,0,10,26,train
bwv79.npy,0,11,27,train
bwv79.npy,0,12,28,train
bwv79.npy,0,13,29,train
bwv79.npy,0,14,30,train
bwv79.npy,0,15,31,train
bwv79.npy,0,16,32,train
bwv79.npy,0,17,33,train
bwv79.npy,0,18,34,train
bwv79.npy,0,19,35,train
bwv79.npy,0,20,36,train
bwv79.npy,0,21,37,train
bwv79.npy,0,22,38,train
bwv79.npy,0,23,39,train
bwv79.npy,0,24,40,train
bwv79.npy,0,25,41,train
bwv79.npy,0,26,42,train
bwv79.npy,0,27,43,train
bwv79.npy,0,28,44,train
bwv79.npy,0,29,45,train
bwv79.npy,0,30,46,train
bwv79.npy,0,31,47,train
bwv79.npy,0,32,48,train
bwv79.npy,0,33,49,train
bwv79.npy,0,34,50,train
bwv79.npy,0,35,51,train
bwv79.npy,0,36,52,train
bwv79.npy,0,37,53,train
bwv79.npy,0,38,54,train
bwv79.npy,0,39,55,train
bwv79.npy,0,40,56,train
bwv79.npy,0,41,57,train
bwv79.npy,0,42,58,train
bwv79.npy,0,43,59,train
bwv79.npy,0,44,60,train
bwv79.npy,0,45,61,train
bwv79.npy,1,0,16,train
bwv79.npy,1,1,17,train
bwv79.npy,1,2,18,train
bwv79.npy,1,3,19,train
bwv79.npy,1,4,20,train
bwv79.npy,1,5,21,train
bwv79.npy,1,6,22,train
bwv79.npy,1,7,23,train
bwv79.npy,1,8,24,train
bwv79.npy,1,9,25,train
bwv79.npy,1,10,26,train
bwv79.npy,1,11,27,train
bwv79.npy,1,12,28,train
bwv79.npy,1,13,29,train
bwv79.npy,1,14,30,train
bwv79.npy,1,15,31,train
bwv79.npy,1,16,32,train
bwv79.npy,1,17,33,train
bwv79.npy,1,18,34,train
bwv79.npy,1,19,35,train
bwv79.npy,1,20,36,train
bwv79.npy,1,21,37,train
bwv79.npy,1,22,38,train
bwv79.npy,1,23,39,train
bwv79.npy,1,24,40,train
bwv79.npy,1,25,41,train
bwv79.npy,1,26,42,train
bwv79.npy,1,27,43,train
bwv79.npy,1,28,44,train
bwv79.npy,1,29,45,train
bwv79.npy,1,30,46,train
bwv79.npy,1,31,47,train
bwv79.npy,1,32,48,train
bwv79.npy,1,33,49,train
bwv79.npy,1,34,50,train
bwv79.npy,1,35,51,train
bwv79.npy,1,36,52,train
bwv79.npy,1,37,53,train
bwv79.npy,1,38,54,train
bwv79.npy,1,39,55,train
bwv79.npy,1,40,56,train
bwv79.npy,1,41,57,train
bwv79.npy,1,42,58,train
bwv79.npy,1,43,59,train
bwv79.npy,1,44,60,train
bwv79.npy,1,45,61,train
bwv79.npy,2,0,16,train
bwv79.npy,2,1,17,train
bwv79.npy,2,2,18,train
bwv79.npy,2,3,19,train
bwv79.npy,2,4,20,train
bwv79.npy,2,5,21,train
bwv79.npy,2,6,22,train
bwv79.npy,2,7,23,train
bwv79.npy,2,8,24,train
bwv79.npy,2,9,25,train
bwv79.npy,2,10,26,train
bwv79.npy,2,11,27,train
bwv79.npy,2,12,28,train
bwv79.npy,2,13,29,train
bwv79.npy,2,14,30,train
bwv79.npy,2,15,31,train
bwv79.npy,2,16,32,train
bwv79.npy,2,17,33,train
bwv79.npy,2,18,34,train
bwv79.npy,2,19,35,train
bwv79.npy,2,20,36,train
bwv79.npy,2,21,37,train
bwv79.npy,2,22,38,train
bwv79.npy,2,23,39,train
bwv79.npy,2,24,40,train
bwv79.npy,2,25,41,train
bwv79.npy,2,26,42,train
bwv79.npy,2,27,43,train
bwv79.npy,2,28,44,train
bwv79.npy,2,29,45,train
bwv79.npy,2,30,46,train
bwv79.npy,2,31,47,train
bwv79.npy,2,32,48,train
bwv79.npy,2,33,49,train
bwv79.npy,2,34,50,train
bwv79.npy,2,35,51,train
bwv79.npy,2,36,52,train
bwv79.npy,2,37,53,train
bwv79.npy,2,38,54,train
bwv79.npy,2,39,55,train
bwv79.npy,2,40,56,train
bwv79.npy,2,41,57,train
bwv79.npy,2,42,58,train
bwv79.npy,2,43,59,train
bwv79.npy,2,44,60,train
bwv79.npy,2,45,61,train
bwv79.npy,3,0,16,train
bwv79.npy,3,1,17,train
bwv79.npy,3,2,18,train
bwv79.npy,3,3,19,train
bwv79.npy,3,4,20,train
bwv79.npy,3,5,21,train
bwv79.npy,3,6,22,train
bwv79.npy,3,7,23,train
bwv79.npy,3,8,24,train
bwv79.npy,3,9,25,train
bwv79.npy,3,10,26,train
bwv79.npy,3,11,27,train
bwv79.npy,3,12,28,train
bwv79.npy,3,13,29,train
bwv79.npy,3,14,30,train
bwv79.npy,3,15,31,train
bwv79.npy,3,16,32,train
bwv79.npy,3,17,33,train
bwv79.npy,3,18,34,train
bwv79.npy,3,19,35,train
bwv79.npy,3,20,36,train
bwv79.npy,3,21,37,train
bwv79.npy,3,22,38,train
bwv79.npy,3,23,39,train
bwv79.npy,3,24,40,train
bwv79.npy,3,25,41,train
bwv79.npy,3,26,42,train
bwv79.npy,3,27,43,train
bwv79.npy,3,28,44,train
bwv79.npy,3,29,45,train
bwv79.npy,3,30,46,train
bwv79.npy,3,31,47,train
bwv79.npy,3,32,48,train
bwv79.npy,3,33,49,train
bwv79.npy,3,34,50,train
bwv79.npy,3,35,51,train
bwv79.npy,3,36,52,train
bwv79.npy,3,37,53,train
bwv79.npy,3,38,54,train
bwv79.npy,4,0,16,train
bwv79.npy,4,1,17,train
bwv79.npy,4,2,18,train
bwv79.npy,4,3,19,train
bwv79.npy,4,4,20,train
bwv79.npy,4,5,21,train
bwv79.npy,4,6,22,train
bwv79.npy,4,7,23,train
bwv79.npy,4,8,24,train
bwv79.npy,4,9,25,train
bwv79.npy,4,10,26,train
bwv79.npy,4,11,27,train
bwv79.npy,4,12,28,train
bwv79.npy,4,13,29,train
bwv79.npy,4,14,30,train
bwv79.npy,4,15,31,train
bwv79.npy,4,16,32,train
bwv79.npy,4,17,33,train
bwv79.npy,4,18,34,train
bwv79.npy,4,19,35,train
bwv79.npy,4,20,36,train
bwv79.npy,4,21,37,train
bwv79.npy,4,22,38,train
bwv79.npy,4,23,39,train
bwv79.npy,4,24,40,train
bwv79.npy,4,25,41,train
bwv79.npy,4,26,42,train
bwv79.npy,4,27,43,train
bwv79.npy,4,28,44,train
bwv79.npy,4,29,45,train
bwv79.npy,4,30,46,train
bwv79.npy,4,31,47,train
bwv79.npy,4,32,48,train
bwv79.npy,4,33,49,train
bwv79.npy,4,34,50,train
bwv79.npy,4,35,51,train
bwv79.npy,4,36,52,train
bwv79.npy,4,37,53,train
bwv79.npy,4,38,54,train
bwv79.npy,5,0,16,train
bwv79.npy,5,1,17,train
bwv79.npy,5,2,18,train
bwv79.npy,5,3,19,train
bwv79.npy,5,4,20,train
bwv79.npy,5,5,21,train
bwv79.npy,5,6,22,train
bwv79.npy,5,7,23,train
bwv79.npy,5,8,24,train
bwv79.npy,5,9,25,train
bwv79.npy,5,10,26,train
bwv79.npy,5,11,27,train
bwv79.npy,5,12,28,train
bwv79.npy,5,13,29,train
bwv79.npy,5,14,30,train
bwv79.npy,5,15,31,train
bwv79.npy,5,16,32,train
bwv79.npy,5,17,33,train
bwv79.npy,5,18,34,train
bwv79.npy,5,19,35,train
bwv79.npy,5,20,36,train
bwv79.npy,5,21,37,train
bwv79.npy,5,22,38,train
bwv79.npy,5,23,39,train
bwv79.npy,5,24,40,train
bwv79.npy,5,25,41,train
bwv79.npy,5,26,42,train
bwv79.npy,5,27,43,train
bwv79.npy,5,28,44,train
bwv79.npy,5,29,45,train
bwv79.npy,5,30,46,train
bwv79.npy,5,31,47,train
bwv79.npy,5,32,48,train
bwv79.npy,5,33,49,train
bwv79.npy,5,34,50,train
bwv79.npy,5,35,51,train
bwv79.npy,5,36,52,train
bwv79.npy,5,37,53,train
bwv79.npy,5,38,54,train
bwv79.npy,6,0,16,train
bwv79.npy,6,1,17,train
bwv79.npy,6,2,18,train
bwv79.npy,6,3,19,train
bwv79.npy,6,4,20,train
bwv79.npy,6,5,21,train
bwv79.npy,6,6,22,train
bwv79.npy,6,7,23,train
bwv79.npy,6,8,24,train
bwv79.npy,6,9,25,train
bwv79.npy,6,10,26,train
bwv79.npy,6,11,27,train
bwv79.npy,6,12,28,train
bwv79.npy,6,13,29,train
bwv79.npy,6,14,30,train
bwv79.npy,6,15,31,train
bwv79.npy,6,16,32,train
bwv79.npy,6,17,33,train
bwv79.npy,6,18,34,train
bwv79.npy,6,19,35,train
bwv79.npy,6,20,36,train
bwv79.npy,6,21,37,train
bwv79.npy,6,22,38,train
bwv79.npy,6,23,39,train
bwv79.npy,6,24,40,train
bwv79.npy,6,25,41,train
bwv79.npy,6,26,42,train
bwv79.npy,6,27,43,train
bwv79.npy,6,28,44,train
bwv79.npy,6,29,45,train
bwv79.npy,6,30,46,train
bwv79.npy,6,31,47,train
bwv79.npy,6,32,48,train
bwv79.npy,6,33,49,train
bwv79.npy,6,34,50,train
bwv79.npy,6,35,51,train
bwv79.npy,6,36,52,train
bwv79.npy,6,37,53,train
bwv79.npy,6,38,54,train
bwv79.npy,7,0,16,train
bwv79.npy,7,1,17,train
bwv79.npy,7,2,18,train
bwv79.npy,7,3,19,train
bwv79.npy,7,4,20,train
bwv79.npy,7,5,21,train
bwv79.npy,7,6,22,train
bwv79.npy,7,7,23,train
bwv79.npy,7,8,24,train
bwv79.npy,7,9,25,train
bwv79.npy,7,10,26,train
bwv79.npy,7,11,27,train
bwv79.npy,7,12,28,train
bwv79.npy,7,13,29,train
bwv79.npy,7,14,30,train
bwv79.npy,7,15,31,train
bwv79.npy,7,16,32,train
bwv79.npy,7,17,33,train
bwv79.npy,7,18,34,train
bwv79.npy,7,19,35,train
bwv79.npy,7,20,36,train
bwv79.npy,7,21,37,train
bwv79.npy,7,22,38,train
bwv79.npy,7,23,39,train
bwv79.npy,7,24,40,train
bwv79.npy,7,25,41,train
bwv79.npy,7,26,42,train
bwv79.npy,7,27,43,train
bwv79.npy,7,28,44,train
bwv79.npy,7,29,45,train
bwv79.npy,7,30,46,train
bwv79.npy,7,31,47,train
bwv79.npy,7,32,48,train
bwv79.npy,7,33,49,train
bwv79.npy,7,34,50,train
bwv79.npy,7,35,51,train
bwv79.npy,7,36,52,train
bwv79.npy,7,37,53,train
bwv79.npy,7,38,54,train
bwv79.npy,7,39,55,train
bwv79.npy,7,40,56,train
bwv79.npy,7,41,57,train
bwv79.npy,7,42,58,train
bwv79.npy,7,43,59,train
bwv79.npy,7,44,60,train
bwv79.npy,7,45,61,train
bwv135.npy,0,0,16,train
bwv135.npy,1,0,16,train
bwv135.npy,2,0,16,train
bwv135.npy,3,0,16,train
bwv48.npy,0,0,16,train
bwv48.npy,0,1,17,train
bwv48.npy,0,2,18,train
bwv48.npy,1,0,16,train
bwv48.npy,1,1,17,train
bwv48.npy,1,2,18,train
bwv48.npy,2,0,16,train
bwv48.npy,2,1,17,train
bwv48.npy,2,2,18,train
bwv48.npy,3,0,16,train
bwv48.npy,3,1,17,train
bwv48.npy,3,2,18,train
bwv429.npy,0,0,16,train
bwv429.npy,0,1,17,train
bwv429.npy,0,2,18,train
bwv429.npy,1,0,16,train
bwv429.npy,1,1,17,train
bwv429.npy,1,2,18,train
bwv429.npy,2,0,16,train
bwv429.npy,2,1,17,train
bwv429.npy,2,2,18,train
bwv429.npy,3,0,16,train
bwv429.npy,3,1,17,train
bwv429.npy,3,2,18,train
bwv407.npy,0,0,16,train
bwv407.npy,0,1,17,train
bwv407.npy,0,2,18,train
bwv407.npy,0,3,19,train
bwv407.npy,0,4,20,train
bwv407.npy,0,5,21,train
bwv407.npy,0,6,22,train
bwv407.npy,0,7,23,train
bwv407.npy,0,8,24,train
bwv407.npy,0,9,25,train
bwv407.npy,0,10,26,train
bwv407.npy,1,0,16,train
bwv407.npy,1,1,17,train
bwv407.npy,1,2,18,train
bwv407.npy,1,3,19,train
bwv407.npy,1,4,20,train
bwv407.npy,1,5,21,train
bwv407.npy,1,6,22,train
bwv407.npy,1,7,23,train
bwv407.npy,1,8,24,train
bwv407.npy,1,9,25,train
bwv407.npy,1,10,26,train
bwv407.npy,2,0,16,train
bwv407.npy,2,1,17,train
bwv407.npy,2,2,18,train
bwv407.npy,2,3,19,train
bwv407.npy,2,4,20,train
bwv407.npy,2,5,21,train
bwv407.npy,2,6,22,train
bwv407.npy,2,7,23,train
bwv407.npy,2,8,24,train
bwv407.npy,2,9,25,train
bwv407.npy,2,10,26,train
bwv407.npy,3,0,16,train
bwv407.npy,3,1,17,train
bwv407.npy,3,2,18,train
bwv407.npy,3,3,19,train
bwv407.npy,3,4,20,train
bwv407.npy,3,5,21,train
bwv407.npy,3,6,22,train
bwv407.npy,3,7,23,train
bwv407.npy,3,8,24,train
bwv407.npy,3,9,25,train
bwv407.npy,3,10,26,train
bwv378.npy,0,0,16,train
bwv378.npy,0,1,17,train
bwv378.npy,0,2,18,train
bwv378.npy,1,0,16,train
bwv378.npy,1,1,17,train
bwv378.npy,1,2,18,train
bwv378.npy,2,0,16,train
bwv378.npy,2,1,17,train
bwv378.npy,2,2,18,train
bwv378.npy,3,0,16,train
bwv378.npy,3,1,17,train
bwv378.npy,3,2,18,train
bwv179.npy,0,0,16,val
bwv179.npy,1,0,16,val
bwv179.npy,2,0,16,val
bwv179.npy,3,0,16,val
bwv280.npy,0,0,16,val
bwv280.npy,0,1,17,val
bwv280.npy,0,2,18,val
bwv280.npy,0,3,19,val
bwv280.npy,0,4,20,val
bwv280.npy,1,0,16,val
bwv280.npy,1,1,17,val
bwv280.npy,1,2,18,val
bwv280.npy,1,3,19,val
bwv280.npy,1,4,20,val
bwv280.npy,2,0,16,val
bwv280.npy,2,1,17,val
bwv280.npy,2,2,18,val
bwv280.npy,2,3,19,val
bwv280.npy,2,4,20,val
bwv280.npy,3,0,16,val
bwv280.npy,3,1,17,val
bwv280.npy,3,2,18,val
bwv280.npy,3,3,19,val
bwv280.npy,3,4,20,val
bwv294.npy,0,0,16,train
bwv294.npy,0,1,17,train
bwv294.npy,0,2,18,train
bwv294.npy,0,3,19,train
bwv294.npy,0,4,20,train
bwv294.npy,0,5,21,train
bwv294.npy,0,6,22,train
bwv294.npy,1,0,16,train
bwv294.npy,1,1,17,train
bwv294.npy,1,2,18,train
bwv294.npy,1,3,19,train
bwv294.npy,1,4,20,train
bwv294.npy,1,5,21,train
bwv294.npy,1,6,22,train
bwv294.npy,2,0,16,train
bwv294.npy,2,1,17,train
bwv294.npy,2,2,18,train
bwv294.npy,2,3,19,train
bwv294.npy,2,4,20,train
bwv294.npy,2,5,21,train
bwv294.npy,2,6,22,train
bwv294.npy,3,0,16,train
bwv294.npy,3,1,17,train
bwv294.npy,3,2,18,train
bwv294.npy,3,3,19,train
bwv294.npy,3,4,20,train
bwv294.npy,3,5,21,train
bwv294.npy,3,6,22,train
bwv374.npy,0,0,16,train
bwv374.npy,0,1,17,train
bwv374.npy,0,2,18,train
bwv374.npy,0,3,19,train
bwv374.npy,0,4,20,train
bwv374.npy,0,5,21,train
bwv374.npy,1,0,16,train
bwv374.npy,1,1,17,train
bwv374.npy,1,2,18,train
bwv374.npy,1,3,19,train
bwv374.npy,1,4,20,train
bwv374.npy,1,5,21,train
bwv374.npy,2,0,16,train
bwv374.npy,2,1,17,train
bwv374.npy,2,2,18,train
bwv374.npy,2,3,19,train
bwv374.npy,2,4,20,train
bwv374.npy,2,5,21,train
bwv374.npy,3,0,16,train
bwv374.npy,3,1,17,train
bwv374.npy,3,2,18,train
bwv374.npy,3,3,19,train
bwv374.npy,3,4,20,train
bwv374.npy,3,5,21,train
bwv156.npy,0,0,16,train
bwv156.npy,0,1,17,train
bwv156.npy,0,2,18,train
bwv156.npy,0,3,19,train
bwv156.npy,1,0,16,train
bwv156.npy,1,1,17,train
bwv156.npy,1,2,18,train
bwv156.npy,1,3,19,train
bwv156.npy,2,0,16,train
bwv156.npy,2,1,17,train
bwv156.npy,2,2,18,train
bwv156.npy,2,3,19,train
bwv156.npy,3,0,16,train
bwv156.npy,3,1,17,train
bwv156.npy,3,2,18,train
bwv156.npy,3,3,19,train
bwv309.npy,0,0,16,train
bwv309.npy,0,1,17,train
bwv309.npy,0,2,18,train
bwv309.npy,0,3,19,train
bwv309.npy,0,4,20,train
bwv309.npy,0,5,21,train
bwv309.npy,1,0,16,train
bwv309.npy,1,1,17,train
bwv309.npy,1,2,18,train
bwv309.npy,1,3,19,train
bwv309.npy,1,4,20,train
bwv309.npy,1,5,21,train
bwv309.npy,2,0,16,train
bwv309.npy,2,1,17,train
bwv309.npy,2,2,18,train
bwv309.npy,2,3,19,train
bwv309.npy,2,4,20,train
bwv309.npy,2,5,21,train
bwv309.npy,3,0,16,train
bwv309.npy,3,1,17,train
bwv309.npy,3,2,18,train
bwv309.npy,3,3,19,train
bwv309.npy,3,4,20,train
bwv309.npy,3,5,21,train
bwv419.npy,0,0,16,train
bwv419.npy,0,1,17,train
bwv419.npy,0,2,18,train
bwv419.npy,0,3,19,train
bwv419.npy,1,0,16,train
bwv419.npy,1,1,17,train
bwv419.npy,1,2,18,train
bwv419.npy,1,3,19,train
bwv419.npy,2,0,16,train
bwv419.npy,2,1,17,train
bwv419.npy,2,2,18,train
bwv419.npy,2,3,19,train
bwv419.npy,3,0,16,train
bwv419.npy,3,1,17,train
bwv419.npy,3,2,18,train
bwv419.npy,3,3,19,train
bwv398.npy,0,0,16,train
bwv398.npy,1,0,16,train
bwv398.npy,2,0,16,train
bwv398.npy,3,0,16,train
bwv40.npy,0,0,16,train
bwv40.npy,0,1,17,train
bwv40.npy,0,2,18,train
bwv40.npy,0,3,19,train
bwv40.npy,1,0,16,train
bwv40.npy,1,1,17,train
bwv40.npy,1,2,18,train
bwv40.npy,1,3,19,train
bwv40.npy,2,0,16,train
bwv40.npy,2,1,17,train
bwv40.npy,2,2,18,train
bwv40.npy,2,3,19,train
bwv40.npy,3,0,16,train
bwv40.npy,3,1,17,train
bwv40.npy,3,2,18,train
bwv40.npy,3,3,19,train
bwv272.npy,0,0,16,train
bwv272.npy,0,1,17,train
bwv272.npy,0,2,18,train
bwv272.npy,0,3,19,train
bwv272.npy,1,0,16,train
bwv272.npy,1,1,17,train
bwv272.npy,1,2,18,train
bwv272.npy,1,3,19,train
bwv272.npy,2,0,16,train
bwv272.npy,2,1,17,train
bwv272.npy,2,2,18,train
bwv272.npy,2,3,19,train
bwv272.npy,3,0,16,train
bwv272.npy,3,1,17,train
bwv272.npy,3,2,18,train
bwv272.npy,3,3,19,train
bwv334.npy,0,0,16,train
bwv334.npy,0,1,17,train
bwv334.npy,0,2,18,train
bwv334.npy,1,0,16,train
bwv334.npy,1,1,17,train
bwv334.npy,1,2,18,train
bwv334.npy,2,0,16,train
bwv334.npy,2,1,17,train
bwv334.npy,2,2,18,train
bwv334.npy,3,0,16,train
bwv334.npy,3,1,17,train
bwv334.npy,3,2,18,train
bwv846.npy,0,0,16,train
bwv846.npy,0,1,17,train
bwv846.npy,0,2,18,train
bwv846.npy,0,3,19,train
bwv846.npy,0,4,20,train
bwv846.npy,0,5,21,train
bwv846.npy,0,6,22,train
bwv846.npy,0,7,23,train
bwv846.npy,0,8,24,train
bwv846.npy,0,9,25,train
bwv846.npy,0,10,26,train
bwv846.npy,0,11,27,train
bwv846.npy,0,12,28,train
bwv846.npy,0,13,29,train
bwv846.npy,0,14,30,train
bwv846.npy,0,15,31,train
bwv846.npy,0,16,32,train
bwv846.npy,0,17,33,train
bwv401.npy,0,0,16,train
bwv401.npy,0,1,17,train
bwv401.npy,0,2,18,train
bwv401.npy,1,0,16,train
bwv401.npy,1,1,17,train
bwv401.npy,1,2,18,train
bwv401.npy,2,0,16,train
bwv401.npy,2,1,17,train
bwv401.npy,2,2,18,train
bwv401.npy,3,0,16,train
bwv401.npy,3,1,17,train
bwv401.npy,3,2,18,train
bwv226.npy,0,0,16,train
bwv226.npy,0,1,17,train
bwv226.npy,0,2,18,train
bwv226.npy,0,3,19,train
bwv226.npy,0,4,20,train
bwv226.npy,0,5,21,train
bwv226.npy,0,6,22,train
bwv226.npy,0,7,23,train
bwv226.npy,0,8,24,train
bwv226.npy,0,9,25,train
bwv226.npy,0,10,26,train
bwv226.npy,0,11,27,train
bwv226.npy,1,0,16,train
bwv226.npy,1,1,17,train
bwv226.npy,1,2,18,train
bwv226.npy,1,3,19,train
bwv226.npy,1,4,20,train
bwv226.npy,1,5,21,train
bwv226.npy,1,6,22,train
bwv226.npy,1,7,23,train
bwv226.npy,1,8,24,train
bwv226.npy,1,9,25,train
bwv226.npy,1,10,26,train
bwv226.npy,1,11,27,train
bwv226.npy,2,0,16,train
bwv226.npy,2,1,17,train
bwv226.npy,2,2,18,train
bwv226.npy,2,3,19,train
bwv226.npy,2,4,20,train
bwv226.npy,2,5,21,train
bwv226.npy,2,6,22,train
bwv226.npy,2,7,23,train
bwv226.npy,2,8,24,train
bwv226.npy,2,9,25,train
bwv226.npy,2,10,26,train
bwv226.npy,2,11,27,train
bwv226.npy,3,0,16,train
bwv226.npy,3,1,17,train
bwv226.npy,3,2,18,train
bwv226.npy,3,3,19,train
bwv226.npy,3,4,20,train
bwv226.npy,3,5,21,train
bwv226.npy,3,6,22,train
bwv226.npy,3,7,23,train
bwv226.npy,3,8,24,train
bwv226.npy,3,9,25,train
bwv226.npy,3,10,26,train
bwv226.npy,3,11,27,train
bwv279.npy,0,0,16,train
bwv279.npy,1,0,16,train
bwv279.npy,2,0,16,train
bwv279.npy,3,0,16,train
bwv117.npy,0,0,16,train
bwv117.npy,1,0,16,train
bwv117.npy,2,0,16,train
bwv117.npy,3,0,16,train
bwv184.npy,0,0,16,train
bwv184.npy,0,1,17,train
bwv184.npy,0,2,18,train
bwv184.npy,0,3,19,train
bwv184.npy,0,4,20,train
bwv184.npy,0,5,21,train
bwv184.npy,0,6,22,train
bwv184.npy,1,0,16,train
bwv184.npy,1,1,17,train
bwv184.npy,1,2,18,train
bwv184.npy,1,3,19,train
bwv184.npy,1,4,20,train
bwv184.npy,1,5,21,train
bwv184.npy,1,6,22,train
bwv184.npy,2,0,16,train
bwv184.npy,2,1,17,train
bwv184.npy,2,2,18,train
bwv184.npy,2,3,19,train
bwv184.npy,2,4,20,train
bwv184.npy,2,5,21,train
bwv184.npy,2,6,22,train
bwv184.npy,3,0,16,train
bwv184.npy,3,1,17,train
bwv184.npy,3,2,18,train
bwv184.npy,3,3,19,train
bwv184.npy,3,4,20,train
bwv184.npy,3,5,21,train
bwv184.npy,3,6,22,train
bwv65.npy,0,0,16,train
bwv65.npy,0,1,17,train
bwv65.npy,0,2,18,train
bwv65.npy,0,3,19,train
bwv65.npy,0,4,20,train
bwv65.npy,0,5,21,train
bwv65.npy,1,0,16,train
bwv65.npy,1,1,17,train
bwv65.npy,1,2,18,train
bwv65.npy,1,3,19,train
bwv65.npy,1,4,20,train
bwv65.npy,1,5,21,train
bwv65.npy,2,0,16,train
bwv65.npy,2,1,17,train
bwv65.npy,2,2,18,train
bwv65.npy,2,3,19,train
bwv65.npy,2,4,20,train
bwv65.npy,2,5,21,train
bwv65.npy,3,0,16,train
bwv65.npy,3,1,17,train
bwv65.npy,3,2,18,train
bwv65.npy,3,3,19,train
bwv65.npy,3,4,20,train
bwv65.npy,3,5,21,train
bwv270.npy,0,0,16,train
bwv270.npy,0,1,17,train
bwv270.npy,0,2,18,train
bwv270.npy,0,3,19,train
bwv270.npy,1,0,16,train
bwv270.npy,1,1,17,train
bwv270.npy,1,2,18,train
bwv270.npy,1,3,19,train
bwv270.npy,2,0,16,train
bwv270.npy,2,1,17,train
bwv270.npy,2,2,18,train
bwv270.npy,2,3,19,train
bwv270.npy,3,0,16,train
bwv270.npy,3,1,17,train
bwv270.npy,3,2,18,train
bwv270.npy,3,3,19,train
bwv180.npy,0,0,16,train
bwv180.npy,0,1,17,train
bwv180.npy,0,2,18,train
bwv180.npy,0,3,19,train
bwv180.npy,1,0,16,train
bwv180.npy,1,1,17,train
bwv180.npy,1,2,18,train
bwv180.npy,1,3,19,train
bwv180.npy,2,0,16,train
bwv180.npy,2,1,17,train
bwv180.npy,2,2,18,train
bwv180.npy,2,3,19,train
bwv180.npy,3,0,16,train
bwv180.npy,3,1,17,train
bwv180.npy,3,2,18,train
bwv180.npy,3,3,19,train
bwv4.npy,0,0,16,train
bwv4.npy,0,1,17,train
bwv4.npy,0,2,18,train
bwv4.npy,1,0,16,train
bwv4.npy,1,1,17,train
bwv4.npy,1,2,18,train
bwv4.npy,2,0,16,train
bwv4.npy,2,1,17,train
bwv4.npy,2,2,18,train
bwv4.npy,3,0,16,train
bwv4.npy,3,1,17,train
bwv4.npy,3,2,18,train
bwv250.npy,0,0,16,val
bwv250.npy,1,0,16,val
bwv250.npy,2,0,16,val
bwv250.npy,3,0,16,val
bwv250.npy,4,0,16,val
bwv250.npy,5,0,16,val
bwv197.npy,0,0,16,test
bwv197.npy,1,0,16,test
bwv197.npy,2,0,16,test
bwv197.npy,3,0,16,test
bwv302.npy,0,0,16,train
bwv302.npy,0,1,17,train
bwv302.npy,0,2,18,train
bwv302.npy,0,3,19,train
bwv302.npy,1,0,16,train
bwv302.npy,1,1,17,train
bwv302.npy,1,2,18,train
bwv302.npy,1,3,19,train
bwv302.npy,2,0,16,train
bwv302.npy,2,1,17,train
bwv302.npy,2,2,18,train
bwv302.npy,2,3,19,train
bwv302.npy,3,0,16,train
bwv302.npy,3,1,17,train
bwv302.npy,3,2,18,train
bwv302.npy,3,3,19,train
bwv426.npy,0,0,16,train
bwv426.npy,0,1,17,train
bwv426.npy,1,0,16,train
bwv426.npy,1,1,17,train
bwv426.npy,2,0,16,train
bwv426.npy,2,1,17,train
bwv426.npy,3,0,16,train
bwv426.npy,3,1,17,train
bwv14.npy,0,0,16,train
bwv14.npy,1,0,16,train
bwv14.npy,2,0,16,train
bwv14.npy,3,0,16,train
bwv38.npy,0,0,16,train
bwv38.npy,0,1,17,train
bwv38.npy,1,0,16,train
bwv38.npy,1,1,17,train
bwv38.npy,2,0,16,train
bwv38.npy,2,1,17,train
bwv38.npy,3,0,16,train
bwv38.npy,3,1,17,train
bwv252.npy,0,0,16,train
bwv252.npy,0,1,17,train
bwv252.npy,0,2,18,train
bwv252.npy,0,3,19,train
bwv252.npy,1,0,16,train
bwv252.npy,1,1,17,train
bwv252.npy,1,2,18,train
bwv252.npy,1,3,19,train
bwv252.npy,2,0,16,train
bwv252.npy,2,1,17,train
bwv252.npy,2,2,18,train
bwv252.npy,2,3,19,train
bwv252.npy,3,0,16,train
bwv252.npy,3,1,17,train
bwv252.npy,3,2,18,train
bwv252.npy,3,3,19,train
bwv252.npy,4,0,16,train
bwv252.npy,4,1,17,train
bwv252.npy,4,2,18,train
bwv252.npy,4,3,19,train
bwv252.npy,5,0,16,train
bwv252.npy,5,1,17,train
bwv252.npy,5,2,18,train
bwv252.npy,5,3,19,train
bwv103.npy,0,0,16,val
bwv103.npy,0,1,17,val
bwv103.npy,0,2,18,val
bwv103.npy,0,3,19,val
bwv103.npy,1,0,16,val
bwv103.npy,1,1,17,val
bwv103.npy,1,2,18,val
bwv103.npy,1,3,19,val
bwv103.npy,2,0,16,val
bwv103.npy,2,1,17,val
bwv103.npy,2,2,18,val
bwv103.npy,2,3,19,val
bwv103.npy,3,0,16,val
bwv103.npy,3,1,17,val
bwv103.npy,3,2,18,val
bwv103.npy,3,3,19,val
bwv436.npy,0,0,16,train
bwv436.npy,0,1,17,train
bwv436.npy,0,2,18,train
bwv436.npy,0,3,19,train
bwv436.npy,0,4,20,train
bwv436.npy,0,5,21,train
bwv436.npy,0,6,22,train
bwv436.npy,1,0,16,train
bwv436.npy,1,1,17,train
bwv436.npy,1,2,18,train
bwv436.npy,1,3,19,train
bwv436.npy,1,4,20,train
bwv436.npy,1,5,21,train
bwv436.npy,1,6,22,train
bwv436.npy,2,0,16,train
bwv436.npy,2,1,17,train
bwv436.npy,2,2,18,train
bwv436.npy,2,3,19,train
bwv436.npy,2,4,20,train
bwv436.npy,2,5,21,train
bwv436.npy,2,6,22,train
bwv436.npy,3,0,16,train
bwv436.npy,3,1,17,train
bwv436.npy,3,2,18,train
bwv436.npy,3,3,19,train
bwv436.npy,3,4,20,train
bwv436.npy,3,5,21,train
bwv436.npy,3,6,22,train
bwv333.npy,0,0,16,train
bwv333.npy,0,1,17,train
bwv333.npy,1,0,16,train
bwv333.npy,1,1,17,train
bwv333.npy,2,0,16,train
bwv333.npy,2,1,17,train
bwv333.npy,3,0,16,train
bwv333.npy,3,1,17,train
bwv28.npy,0,0,16,train
bwv28.npy,0,1,17,train
bwv28.npy,0,2,18,train
bwv28.npy,0,3,19,train
bwv28.npy,1,0,16,train
bwv28.npy,1,1,17,train
bwv28.npy,1,2,18,train
bwv28.npy,1,3,19,train
bwv28.npy,2,0,16,train
bwv28.npy,2,1,17,train
bwv28.npy,2,2,18,train
bwv28.npy,2,3,19,train
bwv28.npy,3,0,16,train
bwv28.npy,3,1,17,train
bwv28.npy,3,2,18,train
bwv28.npy,3,3,19,train
bwv389.npy,0,0,16,train
bwv389.npy,0,1,17,train
bwv389.npy,0,2,18,train
bwv389.npy,0,3,19,train
bwv389.npy,0,4,20,train
bwv389.npy,0,5,21,train
bwv389.npy,0,6,22,train
bwv389.npy,0,7,23,train
bwv389.npy,0,8,24,train
bwv389.npy,0,9,25,train
bwv389.npy,1,0,16,train
bwv389.npy,1,1,17,train
bwv389.npy,1,2,18,train
bwv389.npy,1,3,19,train
bwv389.npy,1,4,20,train
bwv389.npy,1,5,21,train
bwv389.npy,1,6,22,train
bwv389.npy,1,7,23,train
bwv389.npy,1,8,24,train
bwv389.npy,1,9,25,train
bwv389.npy,2,0,16,train
bwv389.npy,2,1,17,train
bwv389.npy,2,2,18,train
bwv389.npy,2,3,19,train
bwv389.npy,2,4,20,train
bwv389.npy,2,5,21,train
bwv389.npy,2,6,22,train
bwv389.npy,2,7,23,train
bwv389.npy,2,8,24,train
bwv389.npy,2,9,25,train
bwv389.npy,3,0,16,train
bwv389.npy,3,1,17,train
bwv389.npy,3,2,18,train
bwv389.npy,3,3,19,train
bwv389.npy,3,4,20,train
bwv389.npy,3,5,21,train
bwv389.npy,3,6,22,train
bwv389.npy,3,7,23,train
bwv389.npy,3,8,24,train
bwv389.npy,3,9,25,train
bwv287.npy,0,0,16,train
bwv287.npy,0,1,17,train
bwv287.npy,0,2,18,train
bwv287.npy,0,3,19,train
bwv287.npy,1,0,16,train
bwv287.npy,1,1,17,train
bwv287.npy,1,2,18,train
bwv287.npy,1,3,19,train
bwv287.npy,2,0,16,train
bwv287.npy,2,1,17,train
bwv287.npy,2,2,18,train
bwv287.npy,2,3,19,train
bwv287.npy,3,0,16,train
bwv287.npy,3,1,17,train
bwv287.npy,3,2,18,train
bwv287.npy,3,3,19,train
bwv245.npy,1,0,16,train
bwv245.npy,2,0,16,train
bwv87.npy,0,0,16,train
bwv87.npy,0,1,17,train
bwv87.npy,0,2,18,train
bwv87.npy,1,0,16,train
bwv87.npy,1,1,17,train
bwv87.npy,1,2,18,train
bwv87.npy,2,0,16,train
bwv87.npy,2,1,17,train
bwv87.npy,2,2,18,train
bwv87.npy,3,0,16,train
bwv87.npy,3,1,17,train
bwv87.npy,3,2,18,train
bwv417.npy,0,0,16,train
bwv417.npy,0,1,17,train
bwv417.npy,0,2,18,train
bwv417.npy,0,3,19,train
bwv417.npy,1,0,16,train
bwv417.npy,1,1,17,train
bwv417.npy,1,2,18,train
bwv417.npy,1,3,19,train
bwv417.npy,2,0,16,train
bwv417.npy,2,1,17,train
bwv417.npy,2,2,18,train
bwv417.npy,2,3,19,train
bwv417.npy,3,0,16,train
bwv417.npy,3,1,17,train
bwv417.npy,3,2,18,train
bwv417.npy,3,3,19,train
bwv430.npy,0,0,16,train
bwv430.npy,0,1,17,train
bwv430.npy,0,2,18,train
bwv430.npy,1,0,16,train
bwv430.npy,1,1,17,train
bwv430.npy,1,2,18,train
bwv430.npy,2,0,16,train
bwv430.npy,2,1,17,train
bwv430.npy,2,2,18,train
bwv430.npy,3,0,16,train
bwv430.npy,3,1,17,train
bwv430.npy,3,2,18,train
bwv69.npy,0,0,16,train
bwv69.npy,0,1,17,train
bwv69.npy,1,0,16,train
bwv69.npy,1,1,17,train
bwv69.npy,2,0,16,train
bwv69.npy,2,1,17,train
bwv69.npy,3,0,16,train
bwv69.npy,3,1,17,train
bwv386.npy,0,0,16,train
bwv386.npy,0,1,17,train
bwv386.npy,0,2,18,train
bwv386.npy,0,3,19,train
bwv386.npy,1,0,16,train
bwv386.npy,1,1,17,train
bwv386.npy,1,2,18,train
bwv386.npy,1,3,19,train
bwv386.npy,2,0,16,train
bwv386.npy,2,1,17,train
bwv386.npy,2,2,18,train
bwv386.npy,2,3,19,train
bwv386.npy,3,0,16,train
bwv386.npy,3,1,17,train
bwv386.npy,3,2,18,train
bwv386.npy,3,3,19,train
bwv114.npy,0,0,16,train
bwv114.npy,1,0,16,train
bwv114.npy,2,0,16,train
bwv114.npy,3,0,16,train
bwv194.npy,0,0,16,train
bwv194.npy,1,0,16,train
bwv194.npy,2,0,16,train
bwv194.npy,3,0,16,train
bwv339.npy,0,0,16,train
bwv339.npy,0,1,17,train
bwv339.npy,1,0,16,train
bwv339.npy,1,1,17,train
bwv339.npy,2,0,16,train
bwv339.npy,2,1,17,train
bwv339.npy,3,0,16,train
bwv339.npy,3,1,17,train
bwv350.npy,0,0,16,test
bwv350.npy,0,1,17,test
bwv350.npy,0,2,18,test
bwv350.npy,0,3,19,test
bwv350.npy,1,0,16,test
bwv350.npy,1,1,17,test
bwv350.npy,1,2,18,test
bwv350.npy,1,3,19,test
bwv350.npy,2,0,16,test
bwv350.npy,2,1,17,test
bwv350.npy,2,2,18,test
bwv350.npy,2,3,19,test
bwv350.npy,3,0,16,test
bwv350.npy,3,1,17,test
bwv350.npy,3,2,18,test
bwv350.npy,3,3,19,test
bwv158.npy,0,0,16,train
bwv158.npy,1,0,16,train
bwv158.npy,2,0,16,train
bwv158.npy,3,0,16,train
bwv348.npy,0,0,16,train
bwv348.npy,0,1,17,train
bwv348.npy,1,0,16,train
bwv348.npy,1,1,17,train
bwv348.npy,2,0,16,train
bwv348.npy,2,1,17,train
bwv348.npy,3,0,16,train
bwv348.npy,3,1,17,train
bwv175.npy,0,0,16,train
bwv175.npy,0,1,17,train
bwv175.npy,0,2,18,train
bwv175.npy,0,3,19,train
bwv175.npy,0,4,20,train
bwv175.npy,0,5,21,train
bwv175.npy,0,6,22,train
bwv175.npy,0,7,23,train
bwv175.npy,0,8,24,train
bwv175.npy,0,9,25,train
bwv175.npy,0,10,26,train
bwv175.npy,0,11,27,train
bwv175.npy,0,12,28,train
bwv175.npy,1,0,16,train
bwv175.npy,1,1,17,train
bwv175.npy,1,2,18,train
bwv175.npy,1,3,19,train
bwv175.npy,1,4,20,train
bwv175.npy,1,5,21,train
bwv175.npy,1,6,22,train
bwv175.npy,1,7,23,train
bwv175.npy,1,8,24,train
bwv175.npy,1,9,25,train
bwv175.npy,1,10,26,train
bwv175.npy,1,11,27,train
bwv175.npy,1,12,28,train
bwv175.npy,2,0,16,train
bwv175.npy,2,1,17,train
bwv175.npy,2,2,18,train
bwv175.npy,2,3,19,train
bwv175.npy,2,4,20,train
bwv175.npy,2,5,21,train
bwv175.npy,2,6,22,train
bwv175.npy,2,7,23,train
bwv175.npy,2,8,24,train
bwv175.npy,2,9,25,train
bwv175.npy,2,10,26,train
bwv175.npy,2,11,27,train
bwv175.npy,2,12,28,train
bwv175.npy,3,0,16,train
bwv175.npy,3,1,17,train
bwv175.npy,3,2,18,train
bwv175.npy,3,3,19,train
bwv175.npy,3,4,20,train
bwv175.npy,3,5,21,train
bwv175.npy,3,6,22,train
bwv175.npy,3,7,23,train
bwv175.npy,3,8,24,train
bwv175.npy,3,9,25,train
bwv175.npy,3,10,26,train
bwv175.npy,3,11,27,train
bwv175.npy,3,12,28,train
bwv175.npy,4,0,16,train
bwv175.npy,4,1,17,train
bwv175.npy,4,2,18,train
bwv175.npy,4,3,19,train
bwv175.npy,4,4,20,train
bwv175.npy,4,5,21,train
bwv175.npy,4,6,22,train
bwv175.npy,4,7,23,train
bwv175.npy,4,8,24,train
bwv175.npy,4,9,25,train
bwv175.npy,4,10,26,train
bwv175.npy,4,11,27,train
bwv175.npy,4,12,28,train
bwv175.npy,5,0,16,train
bwv175.npy,5,1,17,train
bwv175.npy,5,2,18,train
bwv175.npy,5,3,19,train
bwv175.npy,5,4,20,train
bwv175.npy,5,5,21,train
bwv175.npy,5,6,22,train
bwv175.npy,5,7,23,train
bwv175.npy,5,8,24,train
bwv175.npy,5,9,25,train
bwv175.npy,5,10,26,train
bwv175.npy,5,11,27,train
bwv175.npy,5,12,28,train
bwv175.npy,6,0,16,train
bwv175.npy,6,1,17,train
bwv175.npy,6,2,18,train
bwv175.npy,6,3,19,train
bwv175.npy,6,4,20,train
bwv175.npy,6,5,21,train
bwv175.npy,6,6,22,train
bwv175.npy,6,7,23,train
bwv175.npy,6,8,24,train
bwv175.npy,6,9,25,train
bwv175.npy,6,10,26,train
bwv175.npy,6,11,27,train
bwv175.npy,6,12,28,train
bwv16.npy,0,0,16,train
bwv16.npy,0,1,17,train
bwv16.npy,0,2,18,train
bwv16.npy,0,3,19,train
bwv16.npy,1,0,16,train
bwv16.npy,1,1,17,train
bwv16.npy,1,2,18,train
bwv16.npy,1,3,19,train
bwv16.npy,2,0,16,train
bwv16.npy,2,1,17,train
bwv16.npy,2,2,18,train
bwv16.npy,2,3,19,train
bwv16.npy,3,0,16,train
bwv16.npy,3,1,17,train
bwv16.npy,3,2,18,train
bwv16.npy,3,3,19,train
bwv56.npy,0,0,16,train
bwv56.npy,0,1,17,train
bwv56.npy,0,2,18,train
bwv56.npy,0,3,19,train
bwv56.npy,0,4,20,train
bwv56.npy,0,5,21,train
bwv56.npy,1,0,16,train
bwv56.npy,1,1,17,train
bwv56.npy,1,2,18,train
bwv56.npy,1,3,19,train
bwv56.npy,1,4,20,train
bwv56.npy,1,5,21,train
bwv56.npy,2,0,16,train
bwv56.npy,2,1,17,train
bwv56.npy,2,2,18,train
bwv56.npy,2,3,19,train
bwv56.npy,2,4,20,train
bwv56.npy,2,5,21,train
bwv56.npy,3,0,16,train
bwv56.npy,3,1,17,train
bwv56.npy,3,2,18,train
bwv56.npy,3,3,19,train
bwv56.npy,3,4,20,train
bwv56.npy,3,5,21,train
bwv112.npy,0,0,16,train
bwv112.npy,1,0,16,train
bwv112.npy,2,0,16,train
bwv112.npy,3,0,16,train
bwv112.npy,4,0,16,train
bwv112.npy,5,0,16,train
bwv112.npy,6,0,16,train
bwv172.npy,0,0,16,train
bwv172.npy,0,1,17,train
bwv172.npy,0,2,18,train
bwv172.npy,0,3,19,train
bwv172.npy,0,4,20,train
bwv172.npy,0,5,21,train
bwv172.npy,0,6,22,train
bwv172.npy,1,0,16,train
bwv172.npy,1,1,17,train
bwv172.npy,1,2,18,train
bwv172.npy,1,3,19,train
bwv172.npy,1,4,20,train
bwv172.npy,1,5,21,train
bwv172.npy,1,6,22,train
bwv172.npy,2,0,16,train
bwv172.npy,2,1,17,train
bwv172.npy,2,2,18,train
bwv172.npy,2,3,19,train
bwv172.npy,2,4,20,train
bwv172.npy,2,5,21,train
bwv172.npy,2,6,22,train
bwv172.npy,3,0,16,train
bwv172.npy,3,1,17,train
bwv172.npy,3,2,18,train
bwv172.npy,3,3,19,train
bwv172.npy,3,4,20,train
bwv172.npy,3,5,21,train
bwv172.npy,3,6,22,train
bwv172.npy,4,0,16,train
bwv172.npy,4,1,17,train
bwv172.npy,4,2,18,train
bwv172.npy,4,3,19,train
bwv172.npy,4,4,20,train
bwv172.npy,4,5,21,train
bwv172.npy,4,6,22,train
bwv153.npy,0,0,16,train
bwv153.npy,0,1,17,train
bwv153.npy,0,2,18,train
bwv153.npy,0,3,19,train
bwv153.npy,1,0,16,train
bwv153.npy,1,1,17,train
bwv153.npy,1,2,18,train
bwv153.npy,1,3,19,train
bwv153.npy,2,0,16,train
bwv153.npy,2,1,17,train
bwv153.npy,2,2,18,train
bwv153.npy,2,3,19,train
bwv153.npy,3,0,16,train
bwv153.npy,3,1,17,train
bwv153.npy,3,2,18,train
bwv153.npy,3,3,19,train
bwv358.npy,0,0,16,train
bwv358.npy,0,1,17,train
bwv358.npy,0,2,18,train
bwv358.npy,1,0,16,train
bwv358.npy,1,1,17,train
bwv358.npy,1,2,18,train
bwv358.npy,2,0,16,train
bwv358.npy,2,1,17,train
bwv358.npy,2,2,18,train
bwv358.npy,3,0,16,train
bwv358.npy,3,1,17,train
bwv358.npy,3,2,18,train
bwv59.npy,0,0,16,test
bwv59.npy,0,1,17,test
bwv59.npy,0,2,18,test
bwv59.npy,0,3,19,test
bwv59.npy,0,4,20,test
bwv59.npy,0,5,21,test
bwv59.npy,0,6,22,test
bwv59.npy,0,7,23,test
bwv59.npy,0,8,24,test
bwv59.npy,0,9,25,test
bwv59.npy,0,10,26,test
bwv59.npy,0,11,27,test
bwv59.npy,0,12,28,test
bwv59.npy,1,0,16,test
bwv59.npy,1,1,17,test
bwv59.npy,1,2,18,test
bwv59.npy,1,3,19,test
bwv59.npy,1,4,20,test
bwv59.npy,1,5,21,test
bwv59.npy,1,6,22,test
bwv59.npy,1,7,23,test
bwv59.npy,1,8,24,test
bwv59.npy,1,9,25,test
bwv59.npy,1,10,26,test
bwv59.npy,1,11,27,test
bwv59.npy,1,12,28,test
bwv59.npy,2,0,16,test
bwv59.npy,2,1,17,test
bwv59.npy,2,2,18,test
bwv59.npy,2,3,19,test
bwv59.npy,2,4,20,test
bwv59.npy,2,5,21,test
bwv59.npy,2,6,22,test
bwv59.npy,2,7,23,test
bwv59.npy,2,8,24,test
bwv59.npy,2,9,25,test
bwv59.npy,2,10,26,test
bwv59.npy,2,11,27,test
bwv59.npy,2,12,28,test
bwv59.npy,3,0,16,test
bwv59.npy,3,1,17,test
bwv59.npy,3,2,18,test
bwv59.npy,3,3,19,test
bwv59.npy,3,4,20,test
bwv59.npy,3,5,21,test
bwv59.npy,3,6,22,test
bwv59.npy,3,7,23,test
bwv59.npy,3,8,24,test
bwv59.npy,3,9,25,test
bwv59.npy,3,10,26,test
bwv59.npy,3,11,27,test
bwv59.npy,3,12,28,test
bwv59.npy,4,0,16,test
bwv59.npy,4,1,17,test
bwv59.npy,4,2,18,test
bwv59.npy,4,3,19,test
bwv59.npy,4,4,20,test
bwv59.npy,4,5,21,test
bwv59.npy,4,6,22,test
bwv59.npy,4,7,23,test
bwv59.npy,4,8,24,test
bwv59.npy,4,9,25,test
bwv59.npy,4,10,26,test
bwv59.npy,4,11,27,test
bwv59.npy,4,12,28,test
bwv59.npy,5,0,16,test
bwv59.npy,5,1,17,test
bwv59.npy,5,2,18,test
bwv59.npy,5,3,19,test
bwv59.npy,5,4,20,test
bwv59.npy,5,5,21,test
bwv59.npy,5,6,22,test
bwv59.npy,5,7,23,test
bwv59.npy,5,8,24,test
bwv59.npy,5,9,25,test
bwv59.npy,5,10,26,test
bwv59.npy,5,11,27,test
bwv59.npy,5,12,28,test
bwv59.npy,6,0,16,test
bwv59.npy,6,1,17,test
bwv59.npy,6,2,18,test
bwv59.npy,6,3,19,test
bwv59.npy,6,4,20,test
bwv59.npy,6,5,21,test
bwv59.npy,6,6,22,test
bwv59.npy,6,7,23,test
bwv59.npy,6,8,24,test
bwv59.npy,6,9,25,test
bwv59.npy,6,10,26,test
bwv59.npy,6,11,27,test
bwv59.npy,6,12,28,test
bwv271.npy,0,0,16,train
bwv271.npy,0,1,17,train
bwv271.npy,0,2,18,train
bwv271.npy,0,3,19,train
bwv271.npy,1,0,16,train
bwv271.npy,1,1,17,train
bwv271.npy,1,2,18,train
bwv271.npy,1,3,19,train
bwv271.npy,2,0,16,train
bwv271.npy,2,1,17,train
bwv271.npy,2,2,18,train
bwv271.npy,2,3,19,train
bwv271.npy,3,0,16,train
bwv271.npy,3,1,17,train
bwv271.npy,3,2,18,train
bwv271.npy,3,3,19,train
bwv166.npy,0,0,16,train
bwv166.npy,1,0,16,train
bwv166.npy,2,0,16,train
bwv166.npy,3,0,16,train
bwv39.npy,0,0,16,train
bwv39.npy,1,0,16,train
bwv39.npy,2,0,16,train
bwv39.npy,3,0,16,train
bwv113.npy,0,0,16,val
bwv113.npy,0,1,17,val
bwv113.npy,0,2,18,val
bwv113.npy,1,0,16,val
bwv113.npy,1,1,17,val
bwv113.npy,1,2,18,val
bwv113.npy,2,0,16,val
bwv113.npy,2,1,17,val
bwv113.npy,2,2,18,val
bwv113.npy,3,0,16,val
bwv113.npy,3,1,17,val
bwv113.npy,3,2,18,val
bwv32.npy,0,0,16,train
bwv32.npy,1,0,16,train
bwv32.npy,2,0,16,train
bwv32.npy,3,0,16,train
bwv307.npy,0,0,16,val
bwv307.npy,1,0,16,val
bwv307.npy,2,0,16,val
bwv307.npy,3,0,16,val
bwv428.npy,0,0,16,train
bwv428.npy,1,0,16,train
bwv428.npy,2,0,16,train
bwv428.npy,3,0,16,train
h186.npy,0,0,16,train
h186.npy,0,1,17,train
h186.npy,0,2,18,train
h186.npy,0,3,19,train
h186.npy,0,4,20,train
h186.npy,0,5,21,train
h186.npy,0,6,22,train
h186.npy,0,7,23,train
h186.npy,0,8,24,train
h186.npy,0,9,25,train
h186.npy,0,10,26,train
h186.npy,0,11,27,train
h186.npy,0,12,28,train
h186.npy,0,13,29,train
h186.npy,0,14,30,train
h186.npy,0,15,31,train
bwv325.npy,0,0,16,train
bwv325.npy,0,1,17,train
bwv325.npy,1,0,16,train
bwv325.npy,1,1,17,train
bwv325.npy,2,0,16,train
bwv325.npy,2,1,17,train
bwv325.npy,3,0,16,train
bwv325.npy,3,1,17,train
bwv45.npy,0,0,16,train
bwv45.npy,0,1,17,train
bwv45.npy,0,2,18,train
bwv45.npy,1,0,16,train
bwv45.npy,1,1,17,train
bwv45.npy,1,2,18,train
bwv45.npy,2,0,16,train
bwv45.npy,2,1,17,train
bwv45.npy,2,2,18,train
bwv45.npy,3,0,16,train
bwv45.npy,3,1,17,train
bwv45.npy,3,2,18,train
bwv144.npy,0,0,16,train
bwv144.npy,0,1,17,train
bwv144.npy,0,2,18,train
bwv144.npy,0,3,19,train
bwv144.npy,0,4,20,train
bwv144.npy,0,5,21,train
bwv144.npy,0,6,22,train
bwv144.npy,0,7,23,train
bwv144.npy,1,0,16,train
bwv144.npy,1,1,17,train
bwv144.npy,1,2,18,train
bwv144.npy,1,3,19,train
bwv144.npy,1,4,20,train
bwv144.npy,1,5,21,train
bwv144.npy,1,6,22,train
bwv144.npy,1,7,23,train
bwv144.npy,2,0,16,train
bwv144.npy,2,1,17,train
bwv144.npy,2,2,18,train
bwv144.npy,2,3,19,train
bwv144.npy,2,4,20,train
bwv144.npy,2,5,21,train
bwv144.npy,2,6,22,train
bwv144.npy,2,7,23,train
bwv144.npy,3,0,16,train
bwv144.npy,3,1,17,train
bwv144.npy,3,2,18,train
bwv144.npy,3,3,19,train
bwv144.npy,3,4,20,train
bwv144.npy,3,5,21,train
bwv144.npy,3,6,22,train
bwv144.npy,3,7,23,train
bwv96.npy,0,0,16,test
bwv96.npy,1,0,16,test
bwv96.npy,2,0,16,test
bwv96.npy,3,0,16,test
bwv168.npy,0,0,16,train
bwv168.npy,0,1,17,train
bwv168.npy,0,2,18,train
bwv168.npy,1,0,16,train
bwv168.npy,1,1,17,train
bwv168.npy,1,2,18,train
bwv168.npy,2,0,16,train
bwv168.npy,2,1,17,train
bwv168.npy,2,2,18,train
bwv168.npy,3,0,16,train
bwv168.npy,3,1,17,train
bwv168.npy,3,2,18,train
bwv425.npy,0,0,16,train
bwv425.npy,0,1,17,train
bwv425.npy,0,2,18,train
bwv425.npy,0,3,19,train
bwv425.npy,0,4,20,train
bwv425.npy,0,5,21,train
bwv425.npy,0,6,22,train
bwv425.npy,0,7,23,train
bwv425.npy,0,8,24,train
bwv425.npy,0,9,25,train
bwv425.npy,0,10,26,train
bwv425.npy,0,11,27,train
bwv425.npy,0,12,28,train
bwv425.npy,0,13,29,train
bwv425.npy,1,0,16,train
bwv425.npy,1,1,17,train
bwv425.npy,1,2,18,train
bwv425.npy,1,3,19,train
bwv425.npy,1,4,20,train
bwv425.npy,1,5,21,train
bwv425.npy,1,6,22,train
bwv425.npy,1,7,23,train
bwv425.npy,1,8,24,train
bwv425.npy,1,9,25,train
bwv425.npy,1,10,26,train
bwv425.npy,1,11,27,train
bwv425.npy,1,12,28,train
bwv425.npy,1,13,29,train
bwv425.npy,2,0,16,train
bwv425.npy,2,1,17,train
bwv425.npy,2,2,18,train
bwv425.npy,2,3,19,train
bwv425.npy,2,4,20,train
bwv425.npy,2,5,21,train
bwv425.npy,2,6,22,train
bwv425.npy,2,7,23,train
bwv425.npy,2,8,24,train
bwv425.npy,2,9,25,train
bwv425.npy,2,10,26,train
bwv425.npy,2,11,27,train
bwv425.npy,2,12,28,train
bwv425.npy,2,13,29,train
bwv425.npy,3,0,16,train
bwv425.npy,3,1,17,train
bwv425.npy,3,2,18,train
bwv425.npy,3,3,19,train
bwv425.npy,3,4,20,train
bwv425.npy,3,5,21,train
bwv425.npy,3,6,22,train
bwv425.npy,3,7,23,train
bwv425.npy,3,8,24,train
bwv425.npy,3,9,25,train
bwv425.npy,3,10,26,train
bwv425.npy,3,11,27,train
bwv425.npy,3,12,28,train
bwv425.npy,3,13,29,train
bwv227.npy,0,0,16,train
bwv227.npy,0,1,17,train
bwv227.npy,0,2,18,train
bwv227.npy,1,0,16,train
bwv227.npy,1,1,17,train
bwv227.npy,1,2,18,train
bwv227.npy,2,0,16,train
bwv227.npy,2,1,17,train
bwv227.npy,2,2,18,train
bwv227.npy,3,0,16,train
bwv227.npy,3,1,17,train
bwv227.npy,3,2,18,train
bwv84.npy,0,0,16,val
bwv84.npy,1,0,16,val
bwv84.npy,2,0,16,val
bwv84.npy,3,0,16,val
bwv338.npy,0,0,16,train
bwv338.npy,0,1,17,train
bwv338.npy,1,0,16,train
bwv338.npy,1,1,17,train
bwv338.npy,2,0,16,train
bwv338.npy,2,1,17,train
bwv338.npy,3,0,16,train
bwv338.npy,3,1,17,train
bwv414.npy,0,0,16,train
bwv414.npy,0,1,17,train
bwv414.npy,1,0,16,train
bwv414.npy,1,1,17,train
bwv414.npy,2,0,16,train
bwv414.npy,2,1,17,train
bwv414.npy,3,0,16,train
bwv414.npy,3,1,17,train
bwv418.npy,0,0,16,train
bwv418.npy,0,1,17,train
bwv418.npy,0,2,18,train
bwv418.npy,1,0,16,train
bwv418.npy,1,1,17,train
bwv418.npy,1,2,18,train
bwv418.npy,2,0,16,train
bwv418.npy,2,1,17,train
bwv418.npy,2,2,18,train
bwv418.npy,3,0,16,train
bwv418.npy,3,1,17,train
bwv418.npy,3,2,18,train
bwv183.npy,0,0,16,val
bwv183.npy,0,1,17,val
bwv183.npy,0,2,18,val
bwv183.npy,0,3,19,val
bwv183.npy,1,0,16,val
bwv183.npy,1,1,17,val
bwv183.npy,1,2,18,val
bwv183.npy,1,3,19,val
bwv183.npy,2,0,16,val
bwv183.npy,2,1,17,val
bwv183.npy,2,2,18,val
bwv183.npy,2,3,19,val
bwv183.npy,3,0,16,val
bwv183.npy,3,1,17,val
bwv183.npy,3,2,18,val
bwv183.npy,3,3,19,val
bwv120.npy,0,0,16,train
bwv120.npy,1,0,16,train
bwv120.npy,2,0,16,train
bwv120.npy,3,0,16,train
bwv305.npy,0,0,16,train
bwv305.npy,0,1,17,train
bwv305.npy,0,2,18,train
bwv305.npy,0,3,19,train
bwv305.npy,0,4,20,train
bwv305.npy,1,0,16,train
bwv305.npy,1,1,17,train
bwv305.npy,1,2,18,train
bwv305.npy,1,3,19,train
bwv305.npy,1,4,20,train
bwv305.npy,2,0,16,train
bwv305.npy,2,1,17,train
bwv305.npy,2,2,18,train
bwv305.npy,2,3,19,train
bwv305.npy,2,4,20,train
bwv305.npy,3,0,16,train
bwv305.npy,3,1,17,train
bwv305.npy,3,2,18,train
bwv305.npy,3,3,19,train
bwv305.npy,3,4,20,train
bwv121.npy,1,0,16,val
bwv121.npy,1,1,17,val
bwv121.npy,2,0,16,val
bwv121.npy,2,1,17,val
bwv121.npy,3,0,16,val
bwv121.npy,3,1,17,val
bwv434.npy,0,0,16,test
bwv434.npy,1,0,16,test
bwv434.npy,2,0,16,test
bwv434.npy,3,0,16,test
bwv9.npy,0,0,16,train
bwv9.npy,1,0,16,train
bwv9.npy,2,0,16,train
bwv9.npy,3,0,16,train
bwv256.npy,0,0,16,train
bwv256.npy,1,0,16,train
bwv256.npy,2,0,16,train
bwv256.npy,3,0,16,train
bwv369.npy,0,0,16,train
bwv369.npy,0,1,17,train
bwv369.npy,0,2,18,train
bwv369.npy,0,3,19,train
bwv369.npy,1,0,16,train
bwv369.npy,1,1,17,train
bwv369.npy,1,2,18,train
bwv369.npy,1,3,19,train
bwv369.npy,2,0,16,train
bwv369.npy,2,1,17,train
bwv369.npy,2,2,18,train
bwv369.npy,2,3,19,train
bwv369.npy,3,0,16,train
bwv369.npy,3,1,17,train
bwv369.npy,3,2,18,train
bwv369.npy,3,3,19,train
bwv177.npy,0,0,16,train
bwv177.npy,1,0,16,train
bwv177.npy,2,0,16,train
bwv177.npy,3,0,16,train
bwv190.npy,0,0,16,val
bwv190.npy,0,1,17,val
bwv190.npy,0,2,18,val
bwv190.npy,0,3,19,val
bwv190.npy,0,4,20,val
bwv190.npy,0,5,21,val
bwv190.npy,0,6,22,val
bwv190.npy,0,7,23,val
bwv190.npy,0,8,24,val
bwv190.npy,0,9,25,val
bwv190.npy,0,10,26,val
bwv190.npy,0,11,27,val
bwv190.npy,0,12,28,val
bwv190.npy,0,13,29,val
bwv190.npy,0,14,30,val
bwv190.npy,0,15,31,val
bwv190.npy,0,16,32,val
bwv190.npy,1,0,16,val
bwv190.npy,1,1,17,val
bwv190.npy,1,2,18,val
bwv190.npy,1,3,19,val
bwv190.npy,1,4,20,val
bwv190.npy,1,5,21,val
bwv190.npy,1,6,22,val
bwv190.npy,1,7,23,val
bwv190.npy,1,8,24,val
bwv190.npy,1,9,25,val
bwv190.npy,1,10,26,val
bwv190.npy,1,11,27,val
bwv190.npy,1,12,28,val
bwv190.npy,1,13,29,val
bwv190.npy,1,14,30,val
bwv190.npy,1,15,31,val
bwv190.npy,1,16,32,val
bwv190.npy,2,0,16,val
bwv190.npy,2,1,17,val
bwv190.npy,2,2,18,val
bwv190.npy,2,3,19,val
bwv190.npy,2,4,20,val
bwv190.npy,2,5,21,val
bwv190.npy,2,6,22,val
bwv190.npy,2,7,23,val
bwv190.npy,2,8,24,val
bwv190.npy,2,9,25,val
bwv190.npy,2,10,26,val
bwv190.npy,2,11,27,val
bwv190.npy,2,12,28,val
bwv190.npy,2,13,29,val
bwv190.npy,2,14,30,val
bwv190.npy,2,15,31,val
bwv190.npy,2,16,32,val
bwv190.npy,3,0,16,val
bwv190.npy,3,1,17,val
bwv190.npy,3,2,18,val
bwv190.npy,3,3,19,val
bwv190.npy,3,4,20,val
bwv190.npy,3,5,21,val
bwv190.npy,3,6,22,val
bwv190.npy,3,7,23,val
bwv190.npy,3,8,24,val
bwv190.npy,3,9,25,val
bwv190.npy,3,10,26,val
bwv190.npy,3,11,27,val
bwv190.npy,3,12,28,val
bwv190.npy,3,13,29,val
bwv190.npy,3,14,30,val
bwv190.npy,3,15,31,val
bwv190.npy,3,16,32,val
bwv126.npy,0,0,16,train
bwv126.npy,0,1,17,train
bwv126.npy,0,2,18,train
bwv126.npy,0,3,19,train
bwv126.npy,0,4,20,train
bwv126.npy,0,5,21,train
bwv126.npy,0,6,22,train
bwv126.npy,0,7,23,train
bwv126.npy,0,8,24,train
bwv126.npy,0,9,25,train
bwv126.npy,0,10,26,train
bwv126.npy,0,11,27,train
bwv126.npy,0,12,28,train
bwv126.npy,0,13,29,train
bwv126.npy,1,0,16,train
bwv126.npy,1,1,17,train
bwv126.npy,1,2,18,train
bwv126.npy,1,3,19,train
bwv126.npy,1,4,20,train
bwv126.npy,1,5,21,train
bwv126.npy,1,6,22,train
bwv126.npy,1,7,23,train
bwv126.npy,1,8,24,train
bwv126.npy,1,9,25,train
bwv126.npy,1,10,26,train
bwv126.npy,1,11,27,train
bwv126.npy,1,12,28,train
bwv126.npy,1,13,29,train
bwv126.npy,2,0,16,train
bwv126.npy,2,1,17,train
bwv126.npy,2,2,18,train
bwv126.npy,2,3,19,train
bwv126.npy,2,4,20,train
bwv126.npy,2,5,21,train
bwv126.npy,2,6,22,train
bwv126.npy,2,7,23,train
bwv126.npy,2,8,24,train
bwv126.npy,2,9,25,train
bwv126.npy,2,10,26,train
bwv126.npy,2,11,27,train
bwv126.npy,2,12,28,train
bwv126.npy,2,13,29,train
bwv126.npy,3,0,16,train
bwv126.npy,3,1,17,train
bwv126.npy,3,2,18,train
bwv126.npy,3,3,19,train
bwv126.npy,3,4,20,train
bwv126.npy,3,5,21,train
bwv126.npy,3,6,22,train
bwv126.npy,3,7,23,train
bwv126.npy,3,8,24,train
bwv126.npy,3,9,25,train
bwv126.npy,3,10,26,train
bwv126.npy,3,11,27,train
bwv126.npy,3,12,28,train
bwv126.npy,3,13,29,train
bwv347.npy,0,0,16,val
bwv347.npy,0,1,17,val
bwv347.npy,0,2,18,val
bwv347.npy,0,3,19,val
bwv347.npy,0,4,20,val
bwv347.npy,1,0,16,val
bwv347.npy,1,1,17,val
bwv347.npy,1,2,18,val
bwv347.npy,1,3,19,val
bwv347.npy,1,4,20,val
bwv347.npy,2,0,16,val
bwv347.npy,2,1,17,val
bwv347.npy,2,2,18,val
bwv347.npy,2,3,19,val
bwv347.npy,2,4,20,val
bwv347.npy,3,0,16,val
bwv347.npy,3,1,17,val
bwv347.npy,3,2,18,val
bwv347.npy,3,3,19,val
bwv347.npy,3,4,20,val
